feature_1,feature_2,feature_3,feature_4,feature_5,feature_6,feature_7,feature_8,default
1.1873157830118937,-0.578962621542537,-1.1542521266390704,-1.3270821416538907,-0.0827489838115329,-2.485116375558185,0.2242430370736986,0.1747971457360317,0
2.107056471494249,-0.0044716694294063,-1.182232226082242,-1.672262287578384,0.5188768838638564,-1.2206397887802447,0.982271235371616,-1.3984993753410238,0
-0.8155114902468645,0.8783390455905801,1.4268648455770758,-0.9275960679959784,-0.0024611965659689,-0.6701163735710196,-0.3851167661614905,-0.1852591305277704,0
0.7843800098238451,-0.4557181739043223,-2.257355700296791,2.725144204342113,0.3320199938041853,2.550782241810963,1.15289877217666,-1.4925960117037238,1
0.4672961626387537,-1.005704736623427,-0.7909354736596814,0.7076761832576597,-1.4461970802115134,0.7976926372718592,2.6457015875833068,-0.1199690296215236,0
3.0219925860587398,-1.0160997567190238,-1.374592310377584,-1.4633575081056045,-0.1843020367760882,0.7225569107870922,0.604520217252354,-0.3532144777811953,1
6.628249467436026,0.2887682337447914,-4.217924480163848,-3.436578347038504,-0.4940692910476116,-1.329271321449448,0.8646729709249688,-0.7555111236741849,1
0.6797152413111415,1.236798541352808,-0.0475777306238227,-1.514738423918615,-0.8732775223242264,-1.5997690514788845,0.5367749858839078,-2.380461184502626,0
1.1594787622475824,-1.0971161069881443,-1.173925747628758,-0.906762447191912,1.346938862105636,-1.7272365562742549,0.0059540198781815,-0.3802884392096047,0
3.1926573075831177,1.101605507644169,-1.1088096024810803,-1.8083034541981529,-0.4382849323427648,0.971944987068188,-1.3830409756125588,-1.3467906386794248,0
0.0179446349188789,-0.514380601490877,0.1168092704738461,-2.163082035798752,-1.1712303369719577,-4.029444965702559,0.7306709060632257,-0.5267133587800422,0
-4.72547575053647,-0.3090340257045948,2.258446826484076,1.6675247380596965,0.4421836214026877,-2.120336737313946,-0.2696799617245212,-0.3131822007357405,1
-2.180967487941064,0.9741756689918069,0.4648410661488971,2.0188170723054366,-0.3572560390672787,0.456401004449779,0.3922231758751563,-3.940097791108501,1
-2.977671054920681,1.1936590613560911,0.8815743842660769,1.5781951861712684,-0.0081131702203614,-1.4350117179541972,-0.342522737317049,1.256118833746371,0
0.7435322128563047,-1.1297895379072798,-2.157530598557738,2.0556902785254367,0.0626486494778716,1.3556693523172356,1.2568636594468583,-2.315899561056717,0
2.802146182431856,0.3790333721121454,0.2207083415582191,-2.6675229428463987,1.2049809825397926,1.083718114409438,1.342593927175845,0.4529639444341677,1
2.043623529850684,1.3860463572875443,-0.7240487688038677,-1.6777612188781397,-0.5491701127729725,-0.426849380721505,-0.5133705452546704,-1.4999600070900143,1
5.077816014200444,-0.4223399533223866,-2.978626604032649,-2.6379571448747523,1.743784356213801,-0.50698511919232,-1.5982099092234945,-0.7426447569053677,0
2.545424290873882,-1.0392446218977671,-2.414429212709623,0.198214342392653,0.0705561858788179,0.9554177836354248,-0.1187087726137219,-2.104574519864348,0
1.0920263147421934,-0.526601728288461,-0.3458115654717113,-1.1276935763320826,-1.0825904076640496,-0.572108118662341,1.1082852204444689,-1.8825871174655897,0
-1.7391224351700392,1.714164113902413,-0.2167393720323768,2.5503382407120423,-0.2638405400576265,1.0305217097986283,-0.8664557968771736,-2.7609280689848044,0
-3.631063647756524,0.6001641384599478,2.8809539325466496,1.1129376973947545,1.4590397800956163,0.3539989901903686,-0.7989296253475275,0.48109126187892,0
-2.165847902952129,-0.1953438043296264,1.3752088393494994,0.8562358416322435,-0.7205962111994301,-0.148900436458834,0.6123248741988896,1.647176134199401,0
2.1889982708873497,-2.0949531148679785,-0.2318236364938678,-1.961092135350745,-0.3615144051943649,0.368071264928357,-1.567421264233525,-2.916756046305983,1
-1.0448377568237244,-0.4214829596905875,1.2288090512863254,-0.8720566336679931,-0.0888791637182229,-1.5108172482091646,-0.369321082367381,1.6436293237614912,0
-2.6140404372243133,-0.0578103196353926,2.454505675530646,0.8472619239810272,-1.0920282333363716,1.0962298989193109,0.1738321784180344,1.2584710761910998,0
-0.9876293481458196,0.5527616773544124,-0.4117268037118482,0.5179290820818275,-3.086599429573205,-1.991774746308039,0.5294719880893956,2.4830293469240763,0
0.1470822870171655,1.789376943715821,-0.70227914997277,-1.1462380798801473,0.7839645739162421,-3.382047664252058,-0.8139801546851304,-0.9897022096729284,1
1.698777112679298,-0.5679138104878273,-2.2446094929523888,1.1334757501629018,-0.97480005155061,1.280736192327253,-1.047717379022238,0.5988742838078251,0
-4.211382902537463,-0.2075783781296798,1.868093683499058,2.1999516300319053,-0.1039487660628573,-0.6455269229674703,-1.0872833501943513,-3.882694058067664,1
1.2778838403156776,-1.2343325089767594,0.0378547810134093,-0.2193706400863498,-0.5296043876273178,2.422299125354943,-0.1571589943261378,-1.8187420720064216,1
1.7555283732294136,1.21934949028985,-1.994490661299664,0.7713122296021047,-1.1909074306403862,1.2616279110760706,-0.915882567104348,-1.6981339146436114,1
2.2211310956594734,-1.422939640543623,-1.8791947238107245,-0.9378463948472024,1.1933058792174351,-0.927897768658195,-0.9860141426997232,-1.6136403945964468,1
-1.4630723054443329,-0.5480834427226999,1.166045080523184,0.2283470583970083,-1.382850781231949,-0.3406455504767121,-2.299875951613208,1.9145313847302656,1
3.8482887432919295,-0.3446287095127712,-2.205969812755327,-1.7869996571079731,-0.8172275890621771,0.1699876436713083,0.3379840331332128,-1.3564540865533288,0
2.1228757808742857,-0.3730123804816739,-3.045256751249873,1.210709501947582,-0.1336662444220193,0.8629350033257949,-0.9378359045514608,-4.501752202682733,0
2.0495220073622487,0.0077630167874221,-1.107985785649798,-1.5765067470419143,-1.2343441295919917,-1.007604775147826,0.6185767624235686,-1.1622655784792868,0
2.7167650704067388,-0.7711082617036288,-0.1557123859768918,-1.446783136846966,0.4494696951591252,2.653485396561824,0.2576032047453587,-2.1521050225340312,0
4.3818594157433,0.0789998727523196,-2.208149867927439,-2.5533897913686827,-0.2242155506051841,-0.2590126796534149,0.9780584703787916,-0.3660039176048203,0
1.64543833687991,-0.4566047775607687,-1.3064236271931198,-1.6663752952969046,0.8983702541906208,-2.4774243534536,-0.3989296949996765,-0.4500635065074864,0
-0.0388390294083589,0.5672566126252463,-1.5069657073980864,2.404982731275933,-0.4304355740914681,1.7208951611151435,2.3253820566823906,-2.5033676681645485,0
2.584247601897324,1.4807476867248033,-2.0634351555600245,-0.5853748595118443,-1.3515642569222734,0.1455495132211794,0.2875802993564705,-0.6936426894805038,0
2.682337162874969,1.4956711764022177,0.3760481841594323,-1.7034170268247155,-0.0119883927807428,3.1765544598180897,0.0666694585706857,-2.853865868834566,0
2.9638723303891408,1.6143429169177017,-2.1473698251218907,-1.005776820209554,-2.111881181613647,-0.0520640873858169,-0.3157088417309406,-0.8325240381421941,0
-3.983805078184501,0.1797919552940818,3.7978669142688983,0.7494582050027772,0.0404629936232266,0.7664216299613866,-0.0150464885852878,-0.0421413967034891,0
3.2150128001698937,-1.2455806776386753,-1.5589111848949109,-1.5723840917454026,-0.0915325667601382,0.5447026666404919,1.7670008775904165,-0.5177814315380366,0
1.2728669814785325,0.519078559761389,-0.8951913490878904,-1.1334042675567,-0.4840886918659896,-1.3202985497343562,0.1753698768473225,-1.9088836230788144,0
3.0949993629498564,-1.2844962785521226,-1.219513566192251,-2.080617613906811,-0.91625960442027,-0.0163191249273424,1.530691166922373,-1.0506834264323537,1
-1.8561964670476527,0.9195058920443906,2.2732627903639786,-0.435968243209887,1.7982892076316828,-0.2198624668068,0.1155688901776504,1.180748051636533,0
-4.631651159982747,-0.6364159295539596,2.671112419400341,1.7908167907408548,-1.6826419140052986,-0.8367639447802198,0.5318482973311149,-0.0955761599830549,0
-2.7780114182026265,1.197561566854279,2.088119636704808,0.3802405650778359,0.9284336905510534,-0.8614973616836281,1.7889193511792847,-1.117682847537308,1
1.042265680194179,1.171838058046453,-1.1235057402406188,0.5153766739601069,-0.9486129261362156,1.015320806837883,0.7993551178302422,-1.882983424531048,0
2.175261808203194,0.5847290911425383,-2.6715057450626327,-0.4917591163164935,0.7687580372209125,-1.7613344615570847,-0.208450778269303,-1.3917064020802272,0
0.6331008172909371,1.286398085830464,-0.0816952111165685,-1.1258346359157727,1.7734473394018686,-0.97830819876718,0.2573091041367319,-2.807091417160452,1
1.5700406775129072,-0.8918487127277137,-0.5210599984349121,-1.8482390458749425,-0.8065623997852953,-1.3854436386279825,1.1286728269732689,-0.7794740710019347,0
2.1228757808742857,-0.3730123804816739,-3.045256751249873,1.210709501947582,-0.1336662444220193,0.8629350033257949,-0.9378359045514608,-4.501752202682733,0
2.9473066332012534,0.1693380460562028,-0.7702690158217453,-1.3432116650088664,-1.1361592826715703,2.141214963537889,0.2457099374472344,-3.60256960616365,0
1.5881464564523644,2.0952660564375973,-0.9977885610845064,-1.557822194337797,0.381819549944588,-1.7239705720682346,-1.4388314183678053,-1.3286443899194356,0
0.8181760500579713,-1.452243545958309,0.9702276948150196,-0.0377702498796472,-0.4817660612424536,3.7281239248185054,-1.811566831813896,-2.3606943378661143,1
3.34447365233378,0.7093476093488155,-1.5753108672543277,-1.102030042394623,0.8909127260703953,1.8050880777470244,-0.919767159901352,-2.989776308247369,1
-2.165847902952129,-0.1953438043296264,1.3752088393494994,0.8562358416322435,-0.7205962111994301,-0.148900436458834,0.6123248741988896,1.647176134199401,0
2.512494049325731,-0.1855842006024861,1.3525781042952545,-1.9918866211866024,0.3049022368011178,4.25032376469547,0.1338718756657929,-3.356049735147677,1
2.760728039257901,-0.2647996823328623,-2.6558564207824764,0.5325710586366318,-0.6019945311681372,1.5547495103881248,-0.4294362965082702,-1.0052060755396608,0
-2.6209286146101096,0.5438706589780058,-0.4666174640216221,2.4594643979543105,-0.3502078928894233,-1.6952912381031329,0.3292614178220528,2.076766041102019,1
2.3372836849813816,-1.6170110847481478,-2.8945904918874024,-0.5492835679736972,-0.8100315186295582,-2.044843237359544,1.8833341096690048,0.4543442873899641,1
-1.7770832393835367,1.2536187722337926,1.0470326673573578,1.0418900417178087,-1.0808395204039585,0.3859319236984617,0.3013796749131702,1.4726444842966646,1
0.6331008172909371,1.286398085830464,-0.0816952111165685,-1.1258346359157727,1.7734473394018686,-0.97830819876718,0.2573091041367319,-2.807091417160452,1
-0.5829483421400858,1.03955935180465,-0.338333551131838,0.947882113337085,-0.4984769756559134,-0.0449793792801327,1.9921752285712453,0.1255179908689383,0
0.631360532249501,1.2602998877195846,-0.9775859860857576,0.8752465955437951,1.3036219365322466,1.1169925220523742,-0.0034370595637672,-0.6309954690915661,1
-0.609723902904214,0.2570268518385961,-0.8125989203232111,2.3416824590321896,-0.0794924223695886,1.7367217195771318,0.8664630202173134,-0.6055283871211048,1
-1.0448377568237244,-0.4214829596905875,1.2288090512863254,-0.8720566336679931,-0.0888791637182229,-1.5108172482091646,-0.369321082367381,1.6436293237614912,0
4.4109228116863415,1.0432235616043375,-3.549817128337631,-0.4532822298816039,-2.1100227801871223,1.2935835760273746,0.535571661895786,-1.5378335935028438,1
-0.6115663902394337,-0.41315922614488,-1.6646945103890634,3.173287977816943,1.5228219558256757,1.6485790537758516,-1.2933724352500595,-0.4829718646033493,0
2.253335765215237,1.5110637942826302,-1.1792888063658262,0.2719801340361563,0.5111107390720967,3.066734725026958,0.2523693573096844,-4.056374594038578,0
1.4249958733155288,-0.5361510758651203,0.7713719899723699,-0.4458911993490019,-1.095269072076514,3.826762957432372,-2.202576657059786,-3.200203560671014,1
1.6386926021888784,-1.5618444500152104,-0.4761641720769591,-1.8677941466085148,-1.4426325942314986,-1.1553589961557849,-0.2587122273806984,-1.7628520111596524,0
1.363810181915447,0.7482191151802536,-1.2451033743178452,0.6644441729439814,1.277607382712714,1.6896045355537237,0.6605442890536065,0.0567912145820637,1
-3.9404050160167134,-1.109474414789992,0.983900364405643,3.644563173256814,-1.572089269131218,0.9296826367761192,1.5877553788292071,-1.2721657661006196,0
2.8089762253986645,-0.6595315844493616,-2.482263427950093,-0.2094173093950037,-0.9915984395831186,0.5215857623576694,-1.3478149460094058,-0.7465968495673243,1
3.131057937920769,1.3601194289114027,-2.368183008245997,-1.0416333174279615,-0.2027728938825359,-0.2390003801244535,2.826368876969372,-0.1831129516513643,1
-0.2006672858733845,1.0904489007910048,0.8675628781652851,-0.8119268611807582,-0.4228642271668908,-0.354074346436637,0.8558583822423285,2.459727588898825,0
1.2283782495974018,-0.1754736586499813,-1.3520483963618193,0.4459678035033867,-0.984848643997843,0.7886788996450147,-0.3582849985147588,-1.3220339651578197,0
2.5326084944124703,-0.6532485207993931,-2.699408092990752,0.8402801752303208,0.5919918209184919,1.6291494323842155,0.2964616412996486,-2.1229706770075776,0
0.8622073989098956,-2.005565247906864,-1.458229012004258,-0.8107039914113154,0.0792902373555808,-2.746444958632954,0.4520693975025344,-0.51869898389106,1
1.524622162162352,-0.1445260955626873,-0.7166516782250607,-1.9584913112326288,-1.3057499772415522,-2.134447896188371,-1.037752927939171,0.2325744827548503,0
4.292078305151055,0.9118272037285168,-1.5136625553250331,-2.3431275437299446,-1.3321649821952053,1.4479898055120084,-0.3561559104532231,-2.2174507271910167,0
-1.0448377568237244,-0.4214829596905875,1.2288090512863254,-0.8720566336679931,-0.0888791637182229,-1.5108172482091646,-0.369321082367381,1.6436293237614912,0
0.2536766557668399,0.1933614156192662,0.2792628161908701,-0.3710627377297493,-0.5917932767109523,0.3694618275992015,-0.1270683036527582,0.0370056885105796,0
-3.618011940575165,0.1936858467348401,2.3490961831951687,1.16169827802408,-1.097374581893,-0.6078894327387273,1.4632864308439144,0.4688639973553368,0
-0.6252931020380761,0.1672222680732984,-0.4888760509785568,0.5133141196912476,-0.7207640486883067,-1.3950330272871387,-0.7105950928838916,2.777852247036828,0
3.5958940374734025,0.061475680722367,-2.747936722883667,-1.4734621933252778,1.4833933960234291,-0.9235193355830112,0.1502393325596491,0.9809724180963688,0
-0.0519209478447169,1.6654532198322556,0.2950906936625108,-1.8994216109707731,0.2630970830002074,-3.244064258705884,1.9541178007911728,-1.89237395225342,0
0.8044660177857904,0.771253224322237,-0.9075217664478776,-1.5144698562339605,1.5000356852893098,-3.1586158707187857,0.6185183367546504,-0.2464610578819994,0
3.003887787903645,-1.2854156408044988,-1.401591259461758,-1.6276877225671544,0.2480504307865327,0.2898717698719861,1.820878819453183,-0.0215792840813719,0
1.2168095294052752,-0.5273258780273912,-0.1997282692871478,-1.0604173344918044,-0.6685370593613871,0.1444477556965124,-0.0696625843271564,-2.4290466105599102,0
-2.90833156725187,-0.0156283573505365,-0.8614310173084065,2.9287499518426987,-1.0764787463713237,-2.1770850015919243,0.58890947059568,2.0526881287688616,1
1.8805340564194195,0.4551007659680178,-1.52284523611654,-1.2800923025132478,0.1945385636308746,-1.6440938885615788,-1.1032362784355982,-0.5236964447816119,0
3.6985619963908976,1.3152847450887883,-1.9121874613410028,-2.46831996497781,0.1620359391766012,-1.0037981795917206,-0.854354507062562,1.616235132276185,1
-2.708192578669756,0.6397514541084545,2.7443193042784886,0.1593711510510338,-1.3167905589182725,0.1288705322918066,1.2697413215455915,0.7591005181563966,1
-2.4662843432867314,-0.2360353954616637,0.2985246179615723,1.6726648571403744,-0.6312703844998239,-1.363873392442215,-0.9866739735899552,1.7774918764575705,0
5.80041892212362,-0.930043229075509,-3.9202662524163,-0.8690540240738833,-0.4056248016780859,2.6559165904659943,0.6795355951937535,-1.1092154815229265,1
3.435571139025626,0.5965343314917344,-2.363149950963442,-0.8723968114170151,0.27802730333943,0.7878123212289394,-0.1715516390482844,-1.0948447491265896,1
3.237058486692242,1.8538964456951643,-1.3290856393193042,-2.238317317737634,1.6019198692878294,-0.2547459500067005,-0.3759933816004215,-0.9790538032118564,1
1.967608893515868,0.0189639381658574,-2.8815953684736613,-0.0860465666484329,0.0394596762553654,-1.898388719868078,-0.2894659213235031,1.0048293335074103,1
-0.5819252853220409,-1.0453787830787904,0.2280748569709456,1.014742002991365,0.0845158973469585,1.2751804128836002,-0.8011977047466614,-0.7059751578682455,0
0.5716914871162018,0.161280453312941,-2.006772714265068,2.146553417054103,0.6880558221772682,1.4060601416521037,-0.5482081369352808,0.0034919131329136,0
3.589734607967788,-0.6074342260785449,-2.984668279581098,-1.0394735284048755,-1.1159177072462396,-0.5399623933885841,1.9855345078343805,0.5543322307261662,0
-1.0937928688597367,0.3402924098781026,-1.0119536289753437,2.9372985114436894,1.880813710275817,1.463546451633298,0.6783052540546589,0.1338611939970475,0
-3.389311258505659,-0.0476931911250372,0.1276850215486464,2.981862824193771,1.9128295761150171,-1.0623162395862682,-0.1331669541123425,1.667027064115938,0
0.9375058857094845,0.1862387107780439,-1.0621558290750055,-0.5602343851884529,2.064025156840204,-1.2649972202036155,-0.4271503541822204,-0.8467967997965444,1
-1.1311632992116023,0.2052381537895957,1.2442776726248164,-0.2270186046139606,-0.7278994386541173,-0.2693326350359997,-0.4156211799679222,-1.6925190049347278,0
-1.1176542833515035,0.4153805356950236,0.1021061055142278,1.7583359999244002,-0.5446119515833184,1.3280639285408042,-0.3905660584932958,0.3371270539454631,1
3.832221665002281,3.029092991474549,-1.890891751707204,-1.3990159321084377,1.181801905098533,1.5983521350432377,-1.2573158248249972,-2.7224848718704093,1
-0.4115310961547289,0.8816203644170655,0.622441697661966,-1.5790437270095703,-0.2511168594020743,-2.7231441905019134,-0.4581442737642269,-1.205118057922197,0
3.15433826667973,-0.4655539886870323,-3.124098563818841,-0.5446570195619843,1.0551083207149194,-0.741816124963017,1.0230503734701428,-0.1829907668689485,1
0.5765358874257032,-1.141441867540684,-2.456176851587169,2.5157393848088816,-0.2065836978280038,1.3111713017451112,-0.9655420561868868,-2.411217997785157,1
-1.1316184073105768,-2.085920707867813,1.5728919557379484,-1.1374702163448187,-1.0175857811291995,-1.516776709255411,0.3025404840546674,1.4517018242366944,0
-0.8806344990352328,-0.0323658376118751,-1.780558136939084,1.949063392700335,0.4212890217986023,-1.729763923300632,0.3862012999416566,3.3567350693284457,1
-0.3290725079902346,0.8042276995382526,1.875712609890737,-1.4312468046446003,-1.4777113193173257,0.2090667757080428,0.3203654398324478,2.035492833576628,1
2.0954913272957265,1.1856347082423253,-1.4350698859075557,0.0935975148125805,1.1167918089079951,1.713822116507536,-0.1359522276216958,0.2911421026014313,0
1.3035429002565415,-0.3959906648969901,-1.6716411511591482,0.3306862662908312,-1.0555691379095582,0.0984646490546587,3.061135784893348,-2.383393664960286,0
3.5432667760786747,-0.6815122379614552,-0.8254812040681112,-1.8821159034230368,1.486995232666113,2.1808947722142213,-0.8574787094278141,-2.2738999089306047,1
3.371243706550331,0.1229052942626231,-1.48902204784825,-2.0561480461150383,-1.0202560271962529,0.0274037653428114,0.2482090194234759,0.330412446001231,0
0.9689489272419752,0.6642589578404354,-0.2920267972292435,-1.4362349104536904,0.3055932836113409,-1.3442402480841489,1.5727461833028664,-1.7904279483399166,0
1.9742112923219788,0.0032756880341218,-1.0724495568355212,-0.3405720105169159,0.6943560651639931,1.3679028704198442,0.8069798661103341,-0.9511459665124496,1
-4.242418428543219,-1.5952928806215314,1.6256599219482073,2.8500703771470004,-0.531949975672492,-0.0566373648744649,-0.7899330738623771,0.8422752165565801,1
1.8796662409502645,-1.5578995931694133,-2.0779132666166555,0.3562229800738032,0.7077159067970932,0.4983230703778343,-0.1124308204346786,-0.8087608138761948,0
0.0434078350312772,-0.3545754547373011,0.5736187802786192,-2.216159140560886,0.9449891033686536,-3.1279046062600537,-0.6507384993780525,-1.1373954091283651,1
1.8407124327780733,0.1304191075093118,-1.0220832089304683,-0.8839530134519806,-0.3420320274653403,0.1356826493014511,1.028573723350865,-2.083613937082227,1
1.9190311014762145,0.7332569271249132,-0.983539795857433,0.2476225429297591,-0.1013763190745965,2.675722925729236,-0.1897050392451441,-3.120207376849163,1
1.7918425428388267,-0.1000819178912333,0.6933884574493336,-1.9572620314786184,-0.6774635898085547,1.294983280850882,-0.2192576009306467,1.073285767693109,1
4.270434234218296,-0.340928885435156,-2.1238711961456715,-1.4625964667398603,-0.3370648256795763,1.8895097648771255,-0.2085473706575893,-1.4426059173374104,0
0.9451950960465076,-0.7789159512900271,0.3349551008397866,0.0857750052965276,-0.1316378671521197,2.942037019578398,0.125214746112055,-2.2034065835172787,0
-1.8396223338571625,0.5199379551695549,1.3307020589659442,0.5125802504540657,1.958037412794169,-0.2335489282441069,2.018619052818852,1.7350295716568906,0
2.4458385117437595,1.346337706351362,-1.2332721950617709,-1.113471538324126,-0.0913313390631316,0.4735049797562632,-1.8043507710889637,-0.0930477427172937,1
1.0746874632992554,-0.3613278533637633,0.1150639444686663,-1.981023946652316,0.1369456086377695,-1.37374188036949,0.203061354896348,-1.831714982089244,0
-4.0591812819330215,-0.2227594022181082,0.8417576497296457,2.4777860452970946,-0.1501067095246867,-2.00975440243107,-1.7206051319147262,0.747292490773148,0
1.3305726450409403,-0.1966927698722249,-1.814062071421651,-0.4984147075313416,-1.856043326869454,-1.85147391083347,-0.5193018440390127,-0.4954416410775097,1
-4.091768082759936,1.1450322319451225,3.768659605848833,0.4064416275773632,-0.531864690022896,-0.1984384791732467,-1.7285188259593554,-0.3839002791597756,1
3.211928611630573,0.2422812729427103,-0.6398387194530462,-2.412460990206489,-0.3426367512323001,0.7225588191127268,0.5210663299979409,-0.0101960801043594,1
0.5700501890970295,-0.14324901630412,-1.7155712057198906,2.6883882742484784,0.3997239043989412,3.065677102459138,-0.3448913920557536,0.4889638465771357,1
1.899238299690256,-0.8952830930230352,-1.647073021125642,0.2048360208060933,-0.9641765049072288,1.0822501758938583,0.7791312218875215,0.3453259257631214,0
3.253961499303492,0.5992814474733466,-2.037165138816386,-1.0078046797777367,1.6985361077277807,0.7966465354097891,-0.4419859855463366,-1.104606333875614,0
1.0795495088575575,-0.3185628040998852,-2.13928796066019,1.6322304685416282,-0.3461639289837486,1.2364576228639248,0.6704048633735574,-1.4557995933859402,1
1.3305726450409403,-0.1966927698722249,-1.814062071421651,-0.4984147075313416,-1.856043326869454,-1.85147391083347,-0.5193018440390127,-0.4954416410775097,1
1.2909355956373498,-0.7161428854765648,-0.9410177794558892,0.2330676438756174,0.0163869184796361,1.3137061513413977,1.415936315128944,-0.5767030714097178,0
1.7034671734863993,-0.4582725072937905,-0.2551653248238144,-1.9260295396040157,-1.6144842886299493,-0.6496976145953475,0.425184479961616,-2.779661847980867,0
-0.7871833510841969,-0.8459140403381117,0.1000224049051321,1.6296761091372578,0.0011595637696958,1.800850639709891,1.127446427485628,-0.5913358267468983,0
-1.720725034209018,-0.8804963820590815,-0.3915053359144194,0.8730001105985308,0.6033212758503939,-2.788624372930209,0.3996792123555951,1.9706251550885925,0
1.2849980000967325,1.4023944645124369,0.3220258867060597,-2.0465838378057866,-0.607490963423599,-0.6275800859057367,1.0710333147226698,-2.0009454598440914,0
-3.858246365308209,-0.4885262810286941,1.2143226244980292,2.411295625739028,-1.714465064585784,-0.9578304125205028,1.475202838403712,0.9284062028829918,1
-1.865571584957355,0.6579699230702358,-1.5420082743337733,4.28304673460996,0.8283619575238471,1.5021772456374902,-0.0014749348400341,-2.3917947900863776,1
2.519777739917719,1.2417642496103674,-2.475236713664941,-0.038921488508586,1.040534445273553,0.2853621270457167,-0.3208543314220222,-1.5616965510157352,0
0.3473956029189349,0.4569509262615247,-0.929438331405082,0.9294684741758276,1.9500878345031205,0.7681394940371606,-0.9975113738764356,-2.225846281288001,1
3.14163050481856,-1.800752235410192,-1.715331164024307,-1.3309732388501534,-0.2186788319726856,0.5614992790628593,1.1669987916363689,-0.8588362780905123,1
3.662297551555028,-0.2882562699938131,-2.805422355651503,-0.5656862224033854,-0.8245943993046829,0.964692956766746,-0.1460064569008298,-0.6042772394802108,0
4.040001023586145,-1.3363904908480218,-1.5058338842104833,-1.9597188304730304,1.1271287845659592,1.7041538766994504,-1.982165604140507,-2.5879396015799694,0
-0.2621955201798984,1.3998925731117755,-1.1708095890612236,1.6819139878600144,-0.6516640089850292,0.4185719544434882,2.140502871000126,-0.3367209515583795,0
-1.3210955733753695,0.8656562823655286,-0.4024862112448789,2.4361518091234657,0.0876736493006397,1.2812380907132517,0.8282504583290798,-1.7094968745345538,0
1.357421493485674,-0.5089040839923724,-1.1999416497868565,-0.8874152177366328,-1.1813339807320693,-1.2530802705708692,0.7802237845072278,-2.493395251031763,1
3.3541525444883726,0.4772704383004247,-2.293650553439874,-0.9273214614936124,-0.6039340919948635,0.654647023870748,0.2307143225261567,-1.355309297093508,0
1.010047639142702,0.4618459629449502,-1.1837607806559782,0.5182662490405687,2.256001259954969,0.7777698582089305,0.5488555001662204,-0.2480028506730409,0
0.7130116890262618,0.4023164364115772,-0.0287114173953506,-2.0367663831592733,-0.8512244417774308,-2.580530134916345,-0.5755271685365326,-0.8833885893123787,0
4.030884735769437,-0.5692232096343005,-1.070008287712598,-2.3723465300900357,0.2831650134001783,1.7327246763131106,0.0187983145594787,-1.999225247257021,1
0.4563704945474556,-0.122678043759614,-0.8179589797257147,-0.6032211039293414,-0.2366024037830309,-1.8397254406076893,2.2951606720535165,-2.064503467599008,1
1.5377577099275297,-0.4610843653573936,-0.9794004334400224,-1.0808262847863508,0.1874998896477008,-0.8341877120255619,2.0813173000325547,-1.530840107843548,0
1.1125670717871876,-0.6306454786812125,-0.4425905037094719,0.178449959109574,-0.8251668462234583,1.862781677743055,0.412110944474343,-1.1987102961766063,0
-3.5980978693904757,-0.1279743795929005,1.326645337079869,2.353444836346955,-0.9189390961638424,-0.2961211092512015,-0.9446307378795032,1.161977229218614,0
3.377729436754934,2.098947572309178,-3.764881658435028,1.2407080748926191,0.1380363551989384,2.050582327577269,0.8326164167814746,-2.025437388234841,0
1.674823108721542,-1.1315196490986377,-1.2756478460104554,-0.5569085859534038,-1.207172645831838,-0.1206962458698337,-0.6088973190837463,-0.8868781884429981,0
0.6897314856260102,-1.1372236404023182,0.3149544057004592,-2.120489313144726,0.5106474080706681,-2.078465654024092,-1.237468422099643,-1.4024713849379884,0
3.658113559350607,-0.8754492984482052,-1.374030901544878,-1.6863913871284208,-0.1617362477226289,1.693773340094432,-0.5780224079422835,-2.2229018709688635,0
0.4902995423673713,-1.5302552181118851,-2.6247577147167505,3.4260305359300496,-1.2541386676831436,2.509954974827772,-0.1487863505716614,0.510868897431394,1
-2.657853899155219,-0.9974803442390244,1.488597654331464,0.067378434444967,0.3473457226196433,-2.512976517710486,0.7464682938861142,0.6832894958465718,1
-1.024816875742728,0.5631135271793231,1.517557602653985,-0.5806745379443743,1.0246964041062316,-0.3025331764789977,-0.4853943910939197,1.8737366077313744,0
2.2641654311971617,0.3820959521840109,-0.7730558012922285,-0.8258044381249907,-1.8898743512440777,1.63285666818298,0.0303119100475039,-1.076882264830904,0
-3.389311258505659,-0.0476931911250372,0.1276850215486464,2.981862824193771,1.9128295761150171,-1.0623162395862682,-0.1331669541123425,1.667027064115938,0
3.155588535345884,-0.4565705799107385,-2.107372694525945,-1.2852141246946864,-0.4077446123012603,-0.1321917834225872,-0.4131576072383761,-0.4370108820561835,1
2.530199693324132,0.609641932500437,-1.591436484224138,-1.2806738986345445,-0.5420720265396033,-0.3621503832666196,0.5622150368983928,-1.7138605514856955,1
-2.943226233233409,-0.2249979283112191,2.1683238855876272,0.8694910556450812,0.4629199234278211,-0.1365016655000617,0.9833532298260632,0.9304722782697934,0
-2.6140404372243133,-0.0578103196353926,2.454505675530646,0.8472619239810272,-1.0920282333363716,1.0962298989193109,0.1738321784180344,1.2584710761910998,1
4.0503724507647165,0.9438814507827276,-2.1203297031994435,-1.1331525118566022,0.4018288072128814,2.0212539725506766,0.221040854030724,0.6084309947631921,1
1.5331613249373128,1.7765385144334278,-1.9398347802638312,-1.1825897278755355,-0.3768666494597489,-3.078240544260118,0.3693847940333333,0.5985375611246904,1
1.9762473636876177,-1.9219859587873849,-1.700728334840339,-0.4824266488213784,0.93568562232339,-0.2581137508461226,-0.312956206527299,1.0253407922697908,1
1.8440556667294288,0.7025747939563883,-1.9594861729549111,-0.5797215704837316,1.3704187406333022,-1.2069549818863674,-0.7440268225098374,-0.7802938082980961,0
3.24019922182241,-1.1897587448041156,-1.3451916460135187,-1.8477632264722972,-0.4134056353784195,0.4684136400602066,-0.7129259485825813,0.0127288999056061,1
2.1502923516102674,-0.9791329666808096,-1.3942999167415993,-1.0126027724327298,-0.1746268055654237,-0.2140028216604939,0.656571497753158,-2.34199653022814,1
1.015235926851402,0.9732141061340864,-1.5312591928990065,-0.165975599233688,0.1620965552772581,-1.2642989450461215,0.2271153842778434,-1.0426000499013146,1
-0.666098747331701,0.4620758159981403,0.265329389615867,-1.4272280338553007,-0.4732462222773946,-3.694847382405711,-0.5993464151891469,-1.147848158358435,1
2.189441658687734,-0.111123373506989,-1.420652047423268,-0.5115891919358291,0.6511931065471808,0.7661559962893147,0.0713484700111206,-0.725506897535328,0
-0.0010750701106612,0.8412967992969753,-1.0008232611297982,1.8663083337448876,-0.426412280034623,1.6621752656377535,-0.2881956063770135,0.6046746529688478,0
1.8960364683589856,-0.1271750168684965,-0.3816744184081446,-1.4469362911251296,-0.6856681666613604,0.3576845438293977,-0.1762056919798333,0.4742752553506224,1
1.3925782552769967,-0.7703533757315988,-1.4565821605753595,-0.7991979297360428,1.3350286652736605,-1.60809000262448,-0.9607700156736896,0.1009683915669648,0
2.113935888599904,-0.2597168970149507,-0.2329565146119709,-2.517745374954412,0.6350146860713466,-0.9438731146629634,1.4297698159135177,-1.7404718748276975,0
-4.307912244452293,0.3428081723532853,2.0353935032861403,2.091398791203124,-2.547392336707459,-0.8588963775644771,1.1814800655839877,0.3363357846150974,0
-2.180967487941064,0.9741756689918069,0.4648410661488971,2.0188170723054366,-0.3572560390672787,0.456401004449779,0.3922231758751563,-3.940097791108501,0
0.3575827336523791,0.1818262875802581,0.2204905321828154,-1.4076159329177589,0.3089723995148308,-1.5545891384503574,-0.1078649984929461,-1.4304857849381003,0
3.3541525444883726,0.4772704383004247,-2.293650553439874,-0.9273214614936124,-0.6039340919948635,0.654647023870748,0.2307143225261567,-1.355309297093508,1
1.6619528582793068,0.4381013952954943,-0.3765071682463922,-0.6966382322410241,0.1640091088533765,1.4200112230450532,-0.1475853001890605,-1.1675336507745795,0
-1.8223994943217907,-1.8419714566490104,-0.6434399552024945,1.4862717963821006,-0.1778127848973502,-2.3030665122828813,-1.4511668062991991,2.226839559488087,0
2.258877972456874,-0.0304103684307746,-0.5841147291830479,-0.9861270697167306,0.5154793659649983,1.6828302655464105,-0.2673718441315365,-0.9279081798413468,1
2.4771880792064573,-0.2473837873804847,-1.4186398089560317,-1.7276104513164956,2.477243742287514,-1.0543065361937598,-1.2442127433573758,-0.4677797675326067,0
2.8623356653339487,0.977897895716481,-1.085789970959831,-1.6781854226660018,1.1144725305479388,0.5740519235743153,0.2578958389277188,-1.336353475804229,0
3.2812540533094365,0.8194574951724374,-3.60096390217728,1.2095908141900198,-0.8782289196584043,2.021001148810885,-0.4828746609172966,1.0535831877306718,0
1.313538805882081,-0.8063718440567701,-0.8475619738700316,-1.1973658042951072,1.7931451343040952,-1.296361676692418,-0.5230368673273819,-0.8781640655547375,0
3.405483115823868,0.1499358138090082,-2.089870553393576,-0.6146274856813216,0.4849488076014397,1.856943790212213,-1.1789532528400433,-2.9826408398639908,1
-2.988076577346643,0.1255847807648337,0.9229519107153692,1.7526848499749927,-0.7795403767068922,-1.0271494900382845,0.7962043972851799,1.360655118273841,0
-0.2852920548485241,1.795182689140962,1.0285869421790232,-1.1378647179010628,1.2780697116583917,-0.7605723577674945,0.6406272674842264,-0.600950063710646,0
-0.1424613818723981,0.8121147921827788,0.1263268953578731,-0.3059268636803058,0.4118920772174834,-0.6032586667332269,0.7962282971100936,-1.7108954004273125,0
3.0219925860587398,-1.0160997567190238,-1.374592310377584,-1.4633575081056045,-0.1843020367760882,0.7225569107870922,0.604520217252354,-0.3532144777811953,1
1.3892003117537466,-0.4083963295360471,-1.2679545066813247,0.2564089663304023,-1.5079677793707558,0.9071505931442444,0.1384546829759932,-0.7580274614780314,0
3.61893025709932,0.1700617225058183,-4.245412030155985,0.1523920542138486,-1.216270037831535,-0.6888434882790416,-1.4428975443362575,1.037901722930388,0
1.9355132633075132,1.3632602402533818,-1.4935676190681026,-0.0824063677439572,1.7146015835341926,0.9451528081559332,2.0353969332032107,-1.108963378994583,1
0.9320300795578548,0.0524562672034021,-0.5869782472833149,-1.484661991360461,0.1434351370053654,-2.167920151798145,-1.5773606071931627,-0.3584626511567642,1
2.927875138660755,0.1767694719870851,-1.8001422790824604,-1.5929890424938002,0.8211396541478873,-0.5971502147912306,0.0764687155402932,-0.6824197919443139,0
3.2156362763207564,0.0546822758182593,-2.0079139669006265,-1.1218580616934757,-0.0750203797464683,0.5459675330752327,0.5839757955138734,-1.0796240963720862,0
2.751613845733573,0.7340552050032695,-1.4180626565045653,-2.049470166642503,-0.0096190784953526,-1.1062918005467774,0.8914961237160686,-0.6160046546067548,0
2.8985103274859387,-0.0523804744378629,-2.3203013158338277,-0.3260079584272388,-1.1444825949076158,0.8781286541160804,1.401905528828877,-2.8902036815594885,1
4.2783626641630335,-1.603677081783104,-2.0214781045714787,-2.0202299859156208,0.8200857483589137,1.0082086604700395,-1.7750388583948318,-1.6619445399822952,1
4.722545516991271,-1.498236429503954,-2.2655137258212585,-3.4322044391348587,-2.302037653087208,-1.4682204898853672,1.1463489019339046,1.6167200815432852,1
0.7408134717085276,0.20179043158519,0.3142182556424659,-0.7755766377685565,0.9033487486573234,0.6473831644165732,-1.296408304090372,0.8111207427230449,0
1.3964072847143898,0.3709725584686158,-0.9740529854455682,-1.186044286314827,-0.1671278515659971,-1.370428923256023,-0.3458214230710446,-0.4063763434368704,0
0.8621253069710557,-0.4673412263470649,0.5087592924379296,-1.97207655718758,-0.7753898601982845,-1.019858663297124,-0.9541112596028998,-1.3360085152961654,0
3.2584390664818983,0.4025751874471915,-2.653495750325344,-0.1564366526545386,0.2286696696186542,1.2440919808731885,-0.5699920500855108,-0.9980814149440492,0
-3.907705371230669,0.6953860316736591,3.933105062041109,0.154836896337885,-1.252471496982334,0.0277725875831011,-0.8788883367739376,-0.3881150662091719,1
0.9505672652113032,-2.325687760186007,-1.3544200155911603,0.8895725997535013,0.4773638739913284,1.0276552642277523,-0.8100909335105829,0.2720358288845905,0
-1.3347553562887833,-0.6710855288048673,-0.5870730552147639,2.8368289228500183,0.312704856882723,1.6815674079982177,-0.6061359289224668,-1.9045340780160287,0
3.2144950040170093,-0.1464405787146927,-2.722421852959191,-0.4757835633825541,0.2167011448065678,0.3572554018939002,-0.5628010425379996,-0.5558348514128248,0
0.52276536530695,1.1246141112300143,-0.072454198730895,-2.092554901798459,-1.6506795187573595,-3.1770655033652604,-0.8578719997891853,-1.2102651915144031,0
1.04782296433388,0.2901817179086788,-0.4762924963859809,-0.2795892577695089,-0.3848033339503187,0.705188911812703,0.53754580255657,-0.0812324861434772,1
2.579399677017938,0.1621566640874147,-1.4343625693520914,-1.776539601226724,0.3953909638434638,-0.9482014164299896,-2.258499356309548,-1.0403213499149722,0
2.0339859068285424,-0.8519173929423851,-0.6230135869593758,-1.4309279407473314,1.2905847860310025,0.2595226346670007,1.039610381948918,-1.7230045748877476,0
0.9455812112386728,-1.4677238013284055,0.782665905823948,-0.6908702280362831,-1.654529353054015,2.2398364680832303,-1.652769479743046,-0.0929989231882835,0
-2.626300416989281,-0.0746016820098755,0.0508468566547883,1.56890066612764,-0.47753768863612,-2.412205912763379,-1.0805427683977045,1.558425689022729,1
2.5041973448113404,-0.4978353291780482,-2.2692078673588574,0.7257734827378024,0.0055200615768947,2.182326618948789,-0.6946535641046829,-0.9438966075886562,1
2.0387577715554848,-0.2190637944945739,-2.168453020979193,-0.6504607680865027,0.3015721360854642,-1.362453004772807,-1.0402743767100244,-0.7109281742988056,0
-0.2265667396664624,-0.041661768146672,-0.5826738091436897,1.1708976023001616,0.3043567629847912,0.7174252780227562,0.2156152416020934,-1.6576840464786446,0
-3.428691272798971,-2.101315448994089,2.998600084673824,0.5613315345856388,-0.7210440066195074,-0.0707354232440429,0.0962773743995293,0.3090460617799002,0
4.151258092965871,0.4180489684213863,-1.9016534574136532,-2.158247412939194,-0.3298026781954379,0.6968954373106084,0.2014625438435434,-1.3648429455217548,0
-4.836352291096434,1.0864916776796774,1.5199523691241248,2.834392107403718,0.0835849562167936,-1.5535381841826184,-0.2092718358647221,0.2804187529146494,1
0.9844475671307414,-0.5714133098670565,-1.6201603127847326,1.5638765845269864,0.1186232092020663,1.9284456074137628,1.9022344375463591,-0.4995051155726525,1
-3.983805078184501,0.1797919552940818,3.7978669142688983,0.7494582050027772,0.0404629936232266,0.7664216299613866,-0.0150464885852878,-0.0421413967034891,0
2.2086372163972547,0.3562493206975751,-2.438673738384576,-0.2390461694790332,-0.3732707573308524,-0.7144947292539992,-1.0938636399815336,-1.2154064913581837,1
-0.1233394666845233,-0.482740126875358,1.231333782018767,-1.245872961083656,-1.155404670784313,-0.2608289559441619,0.5007640352981665,0.8144053567692049,0
1.0185969433860464,0.0208578938153236,-1.3506280942682232,-0.9387276751145796,-1.007347427164942,-2.5731827506193565,1.6282021692920394,3.44393268061546,0
1.469670681430482,2.394156742500977,-1.2737395576209103,-0.9104470174328252,-0.1232234129287316,-1.250054714756421,1.1392846302228583,-1.2363589965526909,1
3.2036977584228827,0.2521205016527348,-0.2912045621990273,-1.7990335438613194,-0.745172804805161,2.721255953130453,0.4753704338535844,-2.4716846268311428,0
-2.5468778942320904,-0.7630511295564708,2.8808804694229684,-0.5381591110819006,1.4516222443932378,-0.633295150153318,0.4061499520929286,0.4876265115437541,1
-4.179727890164357,-0.0530033437028668,3.990747957584962,0.4961525510520973,-0.4258753734317687,0.2474306372522681,1.61673536648319,-0.3865795844830051,1
2.584247601897324,1.4807476867248033,-2.0634351555600245,-0.5853748595118443,-1.3515642569222734,0.1455495132211794,0.2875802993564705,-0.6936426894805038,0
4.280548057846261,-1.3190245348493348,-1.8578817982878884,-2.1804586637096444,-0.087081005168315,1.0584934485584283,-1.5982054861727335,-2.6587486563537914,1
1.6931649385256633,1.1063356934809976,-1.0778327471787963,-1.0011110430468588,-0.5572735863638701,-0.543763536080829,-0.9280876150612746,-1.5577923197310728,0
0.8622073989098956,-2.005565247906864,-1.458229012004258,-0.8107039914113154,0.0792902373555808,-2.746444958632954,0.4520693975025344,-0.51869898389106,1
-4.132821441877084,0.6548291712392367,0.8758967074570588,3.1882733682473146,0.6093147923247488,-0.689466962762579,-1.7065485660369928,1.1419381533282764,1
1.1767455896394297,-0.6060773761052967,-1.0620574995200016,0.0099722163570152,-1.9681121813520803,0.4080930831091544,1.746924637185638,-1.5752522282800585,0
-3.7007903519247503,1.5299331581033604,0.5634787797452727,3.1857864755179337,1.9099866264016472,-0.3155672798473155,-0.1273698593892765,-1.9142853283859829,0
3.2156362763207564,0.0546822758182593,-2.0079139669006265,-1.1218580616934757,-0.0750203797464683,0.5459675330752327,0.5839757955138734,-1.0796240963720862,1
0.5737908540498977,0.301204719091721,-1.7485650986522212,0.6740554538353773,-0.8939904744695979,-0.9562462585149716,-0.3649287735021428,-1.528808818958168,0
-1.4239761725525923,-0.3872395109130447,-2.3370946170434186,1.983648209164154,-0.7601284132174722,-3.9413490318341786,0.603429387683258,2.8328470063446205,1
0.9086201804098926,-1.3260632462335196,-1.971713288686825,1.7592547186723095,-0.7201520495874821,1.4722953634263134,0.4976481953162279,-1.581601840116918,1
0.5718418195268655,-0.0426952286133325,-0.7785923316226365,-1.9122766604554928,-0.3030162591718429,-4.229017468850099,-0.739467776556592,1.1128454644985528,0
2.720525535077898,-0.3008906608231872,-2.589370949077913,-0.4900631414738404,1.1147435876111054,-0.4561973909578243,-0.7274055345957714,-0.4548232203920314,1
1.7196150167558255,1.5691736182555036,-0.4334321400569908,-1.9636122992466136,1.828408462559202,-1.095454002495013,0.1081114110324643,-1.4889089808089595,0
6.60994337509482,0.6598800276666624,-4.64504155268766,-3.601376272153055,1.0558908726093892,-2.6135206022937973,1.1360875197362512,0.594964888812803,0
-3.760950244522802,0.5065494350018731,1.8692879345557687,1.367922894349448,-0.1069275949097605,-1.4809143432571974,-2.981931912843475,0.4406244458234342,1
4.314623820142908,-0.867547034375166,-3.9858816076954806,-1.0023300045507573,-0.7625578435160609,-0.9189137057469484,-1.1674110536325757,-0.9636532880624552,0
2.0495220073622487,0.0077630167874221,-1.107985785649798,-1.5765067470419143,-1.2343441295919917,-1.007604775147826,0.6185767624235686,-1.1622655784792868,1
0.0301324354015358,-0.5581615747943759,-0.0954918854163924,-0.3548394807606204,-1.0310370663562358,-0.7649958521720517,-0.0444351945970292,-2.391958900018773,0
-0.1855773433140997,0.369903700214339,-0.5022782406002737,-0.7809462547438808,-0.1106581170902715,-2.9633501940076816,-0.3081785006567192,-0.6502268219533349,0
3.658929248918143,-1.991442724427748,-2.5921377287764127,-0.4379270300901341,-1.4991545298994322,1.628579558373925,0.8965997431875667,0.0449373393672998,1
-2.415900707931689,-0.6294488036554696,0.1771231816531684,2.961490902945033,-0.9810535302646968,1.1205439122594172,-0.5098006899525571,0.2077614016387972,0
1.1594787622475824,-1.0971161069881443,-1.173925747628758,-0.906762447191912,1.346938862105636,-1.7272365562742549,0.0059540198781815,-0.3802884392096047,0
-3.2966430317749102,-0.5727054506520985,0.8252864230881264,1.9707347424413968,-1.5878325140338636,-1.443804460827555,0.7473217372170272,1.184336096958278,1
2.130751181761004,-1.373093845992598,-3.057141607496825,2.044498960595643,-0.3860226422891998,2.40629877350179,-1.3584794010183885,-0.824994137184673,1
-0.9619453564013666,0.4606157075672997,-0.8676801906250382,2.587516613316532,0.5355541283499521,1.4095022366521102,-0.0732263248738672,-2.0533579440634497,0
-3.916536257770241,0.0592631622901035,1.8227103983669584,2.7248895034135026,0.078292431506771,0.8602918791939942,-2.002740135114591,-1.3519850493258343,0
-0.3087321088358776,-2.555492061676303,-1.213773619427604,-0.8076263909920263,-1.1268089736075335,-4.76929425472976,-0.4115142451097606,0.4631039599021596,0
0.6331008172909371,1.286398085830464,-0.0816952111165685,-1.1258346359157727,1.7734473394018686,-0.97830819876718,0.2573091041367319,-2.807091417160452,1
-1.024816875742728,0.5631135271793231,1.517557602653985,-0.5806745379443743,1.0246964041062316,-0.3025331764789977,-0.4853943910939197,1.8737366077313744,1
5.302583763913084,-0.1560209620996594,-2.572380038518216,-1.9983606031742371,1.686726486819946,2.1929981547190245,-0.7989857592114222,-4.289498103629057,1
0.9689489272419752,0.6642589578404354,-0.2920267972292435,-1.4362349104536904,0.3055932836113409,-1.3442402480841489,1.5727461833028664,-1.7904279483399166,1
0.7560309493948735,-0.4886286066314634,-1.2805487812228735,1.12675984362721,-0.754951223379768,1.2842656620907222,0.8465054939739405,-1.2084384880790855,0
1.2283782495974018,-0.1754736586499813,-1.3520483963618193,0.4459678035033867,-0.984848643997843,0.7886788996450147,-0.3582849985147588,-1.3220339651578197,0
1.0339246223290142,-1.234674047812533,0.2255391169282108,-2.623320300469027,-0.5540807963402258,-2.5526806515700318,0.4106543613356517,-0.7438097878411389,0
1.8805340564194195,0.4551007659680178,-1.52284523611654,-1.2800923025132478,0.1945385636308746,-1.6440938885615788,-1.1032362784355982,-0.5236964447816119,1
1.1406757109255792,0.8618442070599982,-0.8442644176221059,-0.926528638714623,0.7370399696387667,-1.0998774641384592,0.437627893798131,-1.426205316721654,0
0.5356941848290021,-1.857209010280872,-0.4204661357389849,0.1751796524124151,-1.580520846189742,0.6682736366834473,-0.5753338188530707,-1.117794566957406,0
1.1147002861503783,-1.5601105069095194,-0.6580533879731352,-1.7049971938476634,0.44007359523518,-2.3800589567597994,-0.7507131618806316,0.1550474022023933,0
-2.7864015853720296,-1.306686325580648,1.6912415607333011,0.9384786247721396,0.4689520021160221,-0.6451127948039657,0.7837448085542613,1.105143570542696,1
-3.618011940575165,0.1936858467348401,2.3490961831951687,1.16169827802408,-1.097374581893,-0.6078894327387273,1.4632864308439144,0.4688639973553368,0
2.4866313902625707,0.8103581250910127,-2.5886591355856616,0.8635302001889826,0.5037437575766679,1.7402027737933414,-0.4624327660811724,-0.0930071364502851,1
-1.12093153918999,0.3926096281078132,1.0628349824168897,-0.1899347868083545,-0.9322430724928225,-0.6604350613150998,0.2724524468575951,1.9993964993244095,1
3.4104427418976835,-2.503088723489597,-2.365759258678535,-1.3956880318134703,-0.5680018201182806,-0.3407873670074318,0.4800391512100673,-0.3373156688604428,1
1.6681165778724123,1.3190424333612591,-0.8768304972356654,-1.3029634634450933,0.560946698100082,-0.7957520699875131,-0.1842257930271155,-1.357681302357768,0
-4.917648057292599,0.6761992971803796,1.5115375518560696,3.089434528514304,0.5677019405685867,-1.2369855429179002,-0.0723719373723511,0.3611212402882763,0
-5.158704780290735,0.3335080467559735,2.419056138445304,2.631872260026509,-0.0423921662439691,-0.7947953451483427,0.7380177508173981,-0.1223144246111871,0
2.9861065690261874,-0.0463790752644186,-3.7168557613732585,1.864873492851106,-1.0043459070803902,2.529285646504557,1.5109436807628616,-1.0233340295868694,0
2.595129970908456,-0.7989496958369011,-2.6115292165696244,0.2776355849204603,0.2140695714903003,0.8029747376858987,1.0277995822041093,-1.6535536180900157,1
-5.756957372964683,-1.1870644006210531,2.1996793993046646,3.456636990999841,0.9538914937658454,-0.868274989505609,-0.3465548738231512,-0.2183513644084853,0
1.4021523089260723,0.6013563104009826,-1.5786702853216812,0.6724905769148558,-1.139030712196612,1.1363338702637578,-1.5264912063468214,-0.9278988915118388,0
