age,income,credit_score,loan_amount,debt_to_income,employment_years,default
67.06849839399938,56538.32071585253,626.3806306491887,28186.855589617164,0.273282846775591,0.0,0
46.281327087844595,39518.79896235425,667.6559931399538,15019.362657751406,0.28854684178928514,15.252820575810045,0
49.07969446476543,70226.36713261316,746.1544158063887,19080.312958723323,0.2722443259006846,16.507688548510558,0
45.03825753822394,53527.49866772481,737.4591723171615,24572.547446073684,0.309069286484881,5.08745903437525,0
46.511179479432684,63519.95606461386,631.1722367774763,19606.04324994009,0.32704859776914924,12.71935282532853,0
36.80681955406967,62901.98119818113,652.4268766012943,15301.205566272958,0.3724522545532311,10.68148609672413,0
31.519230165963684,59929.904075389844,637.270915948259,37191.11685059153,0.4530094985625179,12.857908081172642,1
46.05965349494934,64630.06891690138,659.8713790415154,23799.061771521465,0.3224168775771892,9.870574148438754,0
19.81831755962608,71251.89886377858,687.4760521519311,25646.779025472566,0.36130692675845555,9.377660960988026,0
47.401220570561065,58693.309710146124,694.8616298771859,11077.554781459181,0.226024815333651,7.16878461060372,0
45.2881349408936,68325.63343375458,679.8628642365976,18187.599375473488,0.16241540070308366,5.857210136959566,1
34.109994667134174,62616.69487790186,789.174778326179,16552.396127505992,0.5112810223059211,0.8467424187343369,0
41.88695309449224,68756.31834471512,643.7038080767744,17137.69096722117,0.42452526322425277,0.0,0
32.41127943789534,56334.58468790448,790.8296330062691,14720.117484036542,0.28464430231458526,14.871130137326704,0
30.66762783699081,75615.83623874854,621.425038406609,28182.15378003115,0.3302997788747779,13.269734577677363,0
49.55056509263736,69438.54811421098,635.5877787244448,17866.281877966663,0.3260409938987864,14.287127083491825,0
41.907943223717155,47346.71996111278,690.8327989113311,33519.00146881223,0.5522547674687405,3.913165364237452,0
59.78757324112828,57563.045985953926,849.4449002135212,23305.724740140715,0.2759553927181148,2.0466337421231566,0
66.0596727979128,48780.1642942429,658.643881734286,18334.5899307095,0.4096429262377782,8.136569721567428,0
46.835088855389145,33137.86248958782,689.474779000567,16726.72169312345,0.30729533272671394,10.870348383540637,0
43.02665448585182,56816.69591581077,492.3361021809734,2828.9627083997984,0.4405996873527622,0.0,0
56.93722925204035,79951.44501917675,692.7158531871565,26371.131008205084,0.5568646311849339,0.0,0
22.939140692649225,70248.16877706947,655.8945064904159,3752.768424786418,0.40902055935125103,7.606470740523221,0
28.408805844515705,59865.26152634601,719.154416664122,23908.55162127016,0.1724362376094128,5.177301447254319,0
38.65159279393988,66445.39602423106,761.8572680220384,20092.30891444835,0.27862438398164974,13.054438770620377,0
43.90527842733741,69936.11277623376,637.8989787763973,19946.425328876358,0.394800520897552,2.155137617173316,0
41.669046360928135,78351.85845143098,590.6511480586801,26042.098165679,0.44200282270058316,17.75132565547531,0
41.84501859282243,72633.35866687118,793.5192149721343,25819.194939746478,0.3182236371773388,14.518196952709486,0
48.07705914257714,91997.05053344298,657.9436648264929,15407.268023107777,0.2678537398217833,10.67586009640874,0
40.729596753170384,77389.27247186609,692.5613160699086,29600.239484098107,0.18318750196569447,8.15699067513634,0
46.38787013499328,33916.549834813355,635.9108613678537,17036.991865955464,0.1915952810711855,8.697278124156796,0
43.29646298804524,62010.29349541217,666.6651409911219,21689.560910869062,0.5468648100986773,7.1193916387339025,0
35.028959771106685,75600.70352935173,622.200813688595,23224.18987906653,0.3009795644613365,8.749629711616953,0
32.45930298959937,56995.35909216631,693.5385658835851,27024.0475814993,0.28635822188565985,7.253452824296623,0
30.565935967480684,36596.75615254513,670.501641607737,25859.21212531302,0.2906061567856258,7.354991849999147,0
44.84751647181633,60755.039708101525,751.746852427281,27185.192697393206,0.4392468375766729,6.335014566467986,0
38.83226683532926,50830.99004837248,588.0821916053999,23781.445412042474,0.24997428740856215,4.166082049312648,0
59.01754795260513,26534.444205324224,709.7592808137078,9837.393252086602,0.47753454733148326,11.344326244469915,0
42.381269587690184,58118.2087477008,635.84897986031,18902.47541961266,0.6019046728811848,7.352904192472961,0
59.966522853695665,76248.7785077984,658.1060359994035,27208.16661956278,0.40573519210740355,7.091880234000655,0
30.06736500026634,70731.76813859589,645.1058667219072,3459.777066727005,0.1264937607854961,0.0,0
41.9679950499134,70612.67795169775,800.7357825718227,15964.088780726586,0.24358825654393074,3.424224826338966,0
28.633554063908143,62586.80473813622,726.190496081471,10793.477142736088,0.36455734632011644,17.893495630209735,0
40.003664796056434,44065.393685293486,722.0345234071852,31158.696081290218,0.4745267311509177,7.598792066751715,0
50.25984152081572,78541.70176276995,743.795682610609,25552.53780580866,0.2970995324310591,3.253414248864244,0
38.43402095711012,56644.82631994032,668.7804521359075,16886.09378332027,0.3848496446273738,11.388152676821324,0
39.684208560918876,50925.20030912824,632.7244045601168,32979.94998441239,0.45021014243446894,0.0,0
46.498258334908456,62793.64580282735,669.4263401846666,19789.01637086438,0.2361991468357589,2.4297349576237526,0
61.54846443259472,86070.73880633699,634.2699084993222,31928.696687760043,0.32141819272338457,10.637345260521924,0
33.89741144177258,67696.07087577601,663.4816659706413,18358.377983918454,0.34640538168932816,13.300091394831124,0
32.44674659989442,65355.6358050761,714.510863169137,18838.025619794502,0.15249856434115794,5.987891565562565,1
36.535814964814556,46408.57704882734,786.8814260733315,15830.607465928637,0.17217793094388395,10.923878468139442,0
41.470267713241235,89405.02476516616,708.5688289237704,31925.66622780806,0.3943741284545206,0.0,0
35.20551960958904,73625.94077008675,753.7850374842423,25701.422719422095,0.5233871499240322,0.795390829058011,0
45.58769406443067,84681.30016896148,748.3473632580796,20428.930305090606,0.44296680127908955,17.946645745175033,0
50.24810278337216,87776.89668403522,726.5551679996502,22280.619001335745,0.30020847273194406,0.0,0
30.741257411900932,42226.96629362557,719.2156477189211,25412.91865702618,0.39132651526993356,16.6762077326842,0
58.628641384939534,73471.94206563286,568.7884163275484,23116.21858619089,0.35340008409884827,8.01392745143437,0
28.661828384162114,71999.1848128346,676.1701370247304,45601.10970163445,0.41014444387553606,9.832014656048388,0
46.104779075384634,32873.8948426399,644.6853579776301,26753.006599965556,0.3966945744725069,1.8813741644977107,1
43.860303121135516,65472.26071287156,784.4249471883177,27419.038915577778,0.21702348460303666,2.0076309495117943,0
60.84018530338962,53206.0336232629,667.9540446309411,18109.184703522962,0.16853914287200397,1.6318477270030955,0
36.23481324750761,30147.039481869266,787.9833911667276,18148.340293326997,0.4170173305802906,9.594028308688943,0
42.30336343592407,71996.41821758816,563.9046833480801,19122.76240551025,0.4457219076965367,5.424591129578356,1
46.812092925867574,57049.69310445999,728.6345962394635,8411.56646952326,0.2984867814055327,0.5252454214636133,0
50.351250747739215,59135.85233372086,731.3233158619917,22652.489289977562,0.32717603230160375,6.470536144466562,0
39.688395185069005,71400.28730929123,690.2973163132746,17829.50265765095,0.4017861550728886,9.779240564058377,0
59.3993231099262,61234.93448909966,665.998108091261,13192.165985571544,0.38751066151099633,2.306243061127546,0
29.94813082743734,66775.58469689236,721.2826866958503,21146.968653790587,0.2663456863471112,7.766645892228389,0
32.58210295331075,41260.79061009787,781.4787647864092,24854.939872459923,0.38969187865317934,11.12782363201968,0
41.87124521764195,71895.33013277431,658.9202382263022,24606.962947703192,0.3310416119549508,0.0,0
32.67154852457119,54589.83221971118,669.1510594836009,27307.151548930546,0.25311878821585904,8.00081989099595,0
26.170799018841326,44629.661668138884,695.0652007406101,5019.628891780854,0.3199895126075423,15.51267146322084,0
54.8249549608345,54571.02750729633,654.7679866462881,17179.095180712327,0.3723292030708626,7.903043607012624,0
49.61458156091835,71321.24286731757,741.1168930454584,17917.619858054633,0.42093830102939117,7.006837520943394,0
18.587877089190737,38073.16597183651,765.1296566483161,17859.942454905315,0.43638451126867,6.761056104845768,0
49.92573453052695,70270.99855991914,726.1570333799641,26817.58459441515,0.264211975579034,2.2489825551822724,0
51.922406372754864,54288.73344645871,699.0770412719888,4076.6517741330863,0.34249646703768916,7.329623418016402,0
29.53220462301502,88122.09832472978,709.828683462218,19243.582534423505,0.2742014633438318,15.739418340580922,0
52.92764576929351,70936.63619426302,566.8764884264091,16955.877438792017,0.44243139653966734,8.451808170388855,0
25.324859796638997,64934.43351007881,627.3282906095681,38118.045786353934,0.39727367605397235,10.91354566530988,0
35.05904641660877,72303.12533361447,579.641842582485,12233.21889600325,0.3575476774788411,5.762870826247097,0
38.37465265227385,52180.58331709623,748.3345024730613,18278.835495623603,0.23483178145037492,4.062082265927843,0
44.85808737454861,67174.07640970929,605.6139227695929,30102.741303555933,0.489316990685179,10.28964006454647,0
43.92488811079444,57096.05378652224,691.3459514694121,7760.070723846724,0.276031178537719,3.1611798514166036,0
42.214906850035455,51675.517567816496,782.608409459805,35259.91929990766,0.2704169625651447,1.8104849606115963,0
31.448039592219068,63875.6861760021,732.3657298792447,26032.69491202574,0.35760797730083227,5.274738229388269,0
55.41990408031232,58136.6918484232,687.365727999234,19535.16303036824,0.41935793188081094,0.0,0
46.66319320919815,80303.28408014406,637.2875444778349,30987.8737517521,0.37997550587799156,4.7274673813590775,0
34.61765374482608,64710.78960984391,641.6582386883044,21123.713879584742,0.27948011482040314,5.929959640154647,0
34.31418639329881,65178.39970402975,694.7446134092463,7810.199447807716,0.28612122782459093,12.004746714126206,0
54.073382479609386,57469.70231261551,704.4296871476555,15294.396625496538,0.37425114045703123,17.82441818731597,0
46.41805511445004,79393.69623733514,670.4866919313315,12107.04803760063,0.3798772282248734,7.311067423280139,0
30.949000981895608,31992.90225379714,618.6933943492438,24309.888395053575,0.34411336243418134,2.6578319040295524,0
36.08843372814117,32133.907342555725,581.7224461183791,26212.24283105023,0.2756826396590266,7.511272613044482,0
50.282931608187035,42233.13170390537,658.7581451697982,17492.48860261048,0.2773332103554744,8.930306416162498,0
20.273948963906165,60288.2009910721,638.5284508751535,19517.946677833075,0.24928401143463558,8.721565183290346,0
31.331149646916735,30226.029182427865,754.5754546056284,26978.42980841105,0.4693607304421655,16.157690219217905,0
47.20787598758712,44049.39107327032,768.7659691415654,13798.73194375923,0.23532327470351388,12.396344636571744,0
27.769179620953686,70285.71241131824,560.2619669872382,31574.47528471297,0.40784258856317324,11.92993824325387,0
56.06779861236061,68053.97560699655,689.4751004445133,22543.151243831424,0.3125944362741119,8.309127314628292,0
28.842900325371648,37949.8055758102,834.6630469375849,19327.877319292536,0.18492965896378363,11.818369932840346,0
26.146214430850847,70528.64337106817,766.7230365441269,10073.743256800903,0.4607340220100667,3.76424922165058,0
26.703399411752066,83253.38920361898,656.3703729414287,22470.917384106186,0.26086982725025243,8.408200678429337,0
40.414599428835814,92339.30001977905,740.3681529924319,24117.259002344297,0.39555888729011146,14.385155578170934,0
35.88944596787495,62661.48639918583,690.5291229967087,15447.2451765457,0.3305225488694291,17.306558094627693,0
32.286713952626975,64448.82642773763,695.4248653275799,28478.544500511503,0.4145834712714763,7.515899460586404,0
41.10477411130323,58497.134813297984,787.1419170075214,20733.10961990086,0.25492201141041243,12.038107220620958,0
31.953484884935936,85550.80243122109,629.7514066508521,24861.54482135349,0.3785562288497304,0.054579977301638216,0
42.53548041479654,67950.12544547311,748.635484233802,27616.00955162124,0.49491935716681656,6.007658252901627,0
46.49147746447186,45894.68116646889,637.7767273865593,1000.0,0.29169747712133015,13.200980318601626,0
43.58940525375062,72706.98235784774,711.2199264520805,12060.200010582535,0.5532040686014061,23.008524694211406,0
29.195285375288215,50795.19362753106,673.9037920593676,23734.97310235039,0.4074617229385987,7.033101202328479,0
49.02397757200862,68962.27365453912,684.1298809366648,9249.468520117482,0.10104722010359996,15.042817604511011,0
41.61781188240493,40851.91947309664,832.0044438990165,19943.580242098407,0.4060197952887177,6.301905735111337,0
48.33029324175148,58292.969764979774,636.6423083588426,38057.069713410834,0.3005257718374635,6.749091438562876,0
49.75719680343684,96694.29268530916,779.9214073958117,20216.322857027062,0.4341278473492775,10.286424852111175,0
36.11761300069836,42045.94238937006,635.8505793556344,23012.29881276398,0.4765318079194325,11.553057380930282,0
47.83316050810423,63571.191593257325,681.7466160877569,20821.59359478169,0.39455905100531447,4.769044706091859,0
32.91046262321408,77551.86142181247,756.4007878493226,20622.298179254365,0.2337827328837756,10.243546744196127,0
45.86847295403904,56503.89247064704,684.2781084080079,9187.463861803906,0.293118814819136,11.632223698454732,0
23.78652174545526,76239.7111606687,697.1492916116639,18351.366805654896,0.4868463455198063,7.966612083048421,0
46.77535113895638,67123.22721283529,677.1236853034236,31752.14279915995,0.2920269712556686,0.0,0
40.26105480322676,50807.35675160018,680.4470438667364,21904.73158537085,0.3755761966961227,6.158014991386913,0
23.21716342003424,48152.63628330134,733.9524690216613,27809.702086755893,0.32646183458814093,9.976920797845182,0
43.33973101181376,63061.369090159256,723.4256950831774,24797.374243452417,0.11737288876498339,4.7419473761829485,0
34.675294744775016,33110.363809851144,640.0584829224055,32906.97321701546,0.2318671354012359,19.688903078820886,0
61.1772738202272,40763.781109974894,726.3117341198529,20177.17479834235,0.43619940875836766,8.193644086817827,0
41.97523985747976,62968.41175296914,703.5286077778057,21332.93801437459,0.3357507622297331,10.914059438113817,0
63.02987265350906,41682.57229900612,730.4833400196139,11164.462182279338,0.46153902153283644,15.46688594233482,0
47.290237321354454,56229.786485154335,719.590097810589,16573.0995324227,0.1588462146264331,0.0,0
31.369087309336088,41730.90595287423,717.8242741980096,36855.80171704276,0.3301524260384282,12.208890750434758,0
43.056315115097355,78793.72050606794,650.274952612396,23119.790105829798,0.5091396692740526,0.0,0
42.43177613840492,73539.02705196955,635.675852550056,20064.63990413261,0.4771992617174783,12.854168457399346,0
48.64164878209537,66781.05286797295,724.5634618921799,9764.14284102033,0.3875954739411677,8.876922003696386,0
24.390685527858913,62862.09079628961,694.6622653042948,23911.14575870271,0.43995550216635076,4.321223115062698,0
37.481030483752356,51975.14737177538,754.159391110069,19469.357679936245,0.5647711274461439,10.295498201593254,1
34.21879741352693,42588.32843216276,740.0029897166944,12851.50859627036,0.3336838802861524,18.106423168955246,0
42.369956304133375,91935.28428051366,776.7451047368388,14437.111233374988,0.41328015109278193,11.708135120324672,0
42.00780469007181,69285.91228115624,664.2068944808888,24622.570458971673,0.2501903306539343,19.732405999525852,0
43.2784474026973,57564.69960716585,665.7149518740798,24681.734775699093,0.36684261366740917,12.948730795461689,0
46.74485186989649,66704.79087691335,686.2228701420377,10910.771121596928,0.2616237045575066,4.481999480746771,0
38.25943458744941,74419.8793008668,631.7962054820374,30285.121656469237,0.3915419114018682,11.566887593662601,0
47.80139715066099,79712.58367575482,725.5812792849129,18739.332917185846,0.3250849869662389,16.799745087208912,0
36.16741868549546,85359.85853387165,813.5327228728668,27117.70608971156,0.5481005001378508,3.8127720531297413,0
35.90681516052549,71158.97758971342,729.8138643493164,13193.35255040578,0.2566428113538277,17.766694088735324,0
43.4353918655845,47643.100292877614,762.1528957971511,12273.731954002464,0.5198677129388923,6.311916715216421,0
41.96275316099394,61227.64961013971,647.2606312681812,25976.60381840364,0.2932791002533083,12.43889269200304,0
30.17224003067965,67645.79202004004,736.7940286158433,25750.28720254625,0.3377038872536966,10.192011136314235,0
62.31555243446201,58786.453919777654,700.9235316026932,20203.351319662634,0.43172169963316176,4.635299113489813,0
30.28607434049892,61284.06792696086,592.9795152002188,14475.150417829485,0.14543804859538878,1.1685907197559349,0
24.77667126129489,15000.0,674.1439491850168,12042.498374973084,0.5231536466481486,8.749560403812284,0
51.33702990776604,85263.74523585604,637.2015056343237,13440.473856922134,0.13682286742448857,5.154142007628282,0
45.28186734452198,57601.99197812671,772.4156869623512,8683.81659334061,0.43202014703121994,4.4411261600029714,0
43.93460760155328,85918.06721875568,542.9768942027745,28621.045365701422,0.36173767463242995,10.068765052823215,0
33.69493366998104,74258.9455360831,645.5419774351296,26283.99207917775,0.38530792927031365,12.24006126872963,0
26.017103217283953,66205.78714561464,691.7125657777656,19961.907818615513,0.43033710463037256,2.7369074400304516,0
37.80689283903929,90722.94529578577,627.0539388209086,27243.365537095924,0.36445257778452644,5.690262255942809,0
39.54323520258715,49590.071612226566,760.7420214707839,9846.349135500852,0.42620845844775557,9.400586178920364,0
40.12420990255293,101666.7111323028,750.9254515690034,19089.37985890584,0.4272580267028232,15.388526573978767,0
40.93627984730759,61450.554057499205,708.7146948759213,20075.824077907826,0.4722985554913798,4.038259701090968,0
52.40812613165204,32052.42253425032,651.637881514486,31976.146593987756,0.41840764700086963,3.216732623598962,0
29.02306976935092,49348.67493442733,623.5687127465094,28752.426633196636,0.4758041770307436,11.694477442547445,0
20.91991178767233,61835.55552247637,703.3277938150359,22552.271246591758,0.29054315253495927,9.46677434183592,0
36.1989649794864,32524.559443771053,712.0399504424829,16653.028889112175,0.277435805991752,6.269561457183091,0
23.33940821429353,57910.53929009903,702.0258695503305,23550.001206244942,0.25455752534565784,4.209321383617221,0
18.0,53033.57290768738,674.3520508609895,22058.71025003982,0.2583617334258586,17.60600349859245,0
55.22562110668041,49215.349418278696,707.9928908835099,19724.856888986043,0.26542394648996315,8.378915289085366,0
41.780090913585255,51589.79135738073,656.962110736649,2172.0449648704016,0.32167821894550386,16.832265444582745,0
33.73194594876801,48053.82755172127,705.8950032676669,29271.713002813056,0.10456336681146255,8.421138873373089,0
36.089110330397034,63033.583606210595,702.5776517039849,26452.881497270606,0.22069080903661986,8.959982595174184,0
57.43476947122706,64247.67351451169,671.2915280248534,37879.61415678855,0.35470745869800296,20.55640653734253,0
51.30018052749382,57946.02972602713,625.3505043770546,11683.528532005073,0.41946272967799436,14.95199379328377,0
48.977963111189226,60972.33035889965,646.8344033677727,6776.71397342887,0.26218843379933177,6.643983282405731,0
43.30865620448465,64635.528537597114,708.843452894371,20374.56766434826,0.2776615768776706,0.7630646227416591,1
29.369511063816688,68547.53479192674,712.1634430268296,22710.232922382125,0.3273631570241818,9.120073888326658,0
38.74619198610879,63418.97357591274,738.0144631337412,30069.31043111114,0.36003262778046274,3.9472729498113246,0
30.54411875265833,88134.43035619009,674.1867877656066,24443.125727555424,0.3665578964843336,7.380656343441114,0
60.29544184919913,85809.33197422732,635.5400140287551,18261.621545521815,0.3436537307754828,3.955332289845349,0
29.536416140777675,44257.824416218595,607.1942885955104,6763.986910509302,0.4494555087699871,12.023484798280855,0
26.935176949115043,44020.74999376603,688.2046485462565,24045.932395533553,0.2778857501731574,13.542086024429842,0
23.67076003183118,44475.10821763944,821.9210218612982,24771.062655464943,0.3684828364641966,10.886380274796013,0
48.02129369882271,71650.92031747338,635.9504546577598,15656.3027030015,0.4435045258697542,20.991323078507524,0
23.324632191713544,50992.90980162731,697.6075246663828,11720.516074022164,0.5145813629287954,11.547296496470175,0
46.088572918018315,77854.16054382344,634.626207843653,17511.58924951131,0.5586489299037545,7.096356985792286,0
42.8647298796056,46080.82091448719,755.2224358167525,28009.778202173213,0.37796569368801414,5.658013917954632,0
37.942077017249964,38392.22373931219,676.1264399259885,11184.552445483,0.23712544398262136,12.389823116842958,0
64.93990185752055,33959.56352583031,799.0792912271455,27141.461311519808,0.6486898880712788,7.492424421698097,0
34.52740111697045,34958.38028631198,697.1469431641151,24727.494910492773,0.050516745373011596,3.214870370615502,0
44.96726954134747,53726.944468336835,666.6828236398229,35582.36925063112,0.4290738113074698,4.559902515276798,0
27.64385738533406,90855.00425011864,671.2589042549132,32576.015214488652,0.39720452108157833,8.318901632185124,0
32.01572039264767,70839.96998171038,562.1656567061979,12802.683531410075,0.4575266615129935,7.099946106554136,0
47.541214332828666,61916.27698275629,676.0621383587634,12608.088769437018,0.35984187036578896,8.177996312808583,0
32.279593560297435,49260.921714296346,731.3831725353739,25206.37059650196,0.4028311710368932,11.662217007327072,0
39.65568363026695,54936.01136180883,653.3816132684393,24809.868745183594,0.42787574748328366,4.50979717535898,0
46.884084244168484,48196.42350977885,689.4263029120893,18842.823202608848,0.37556066256400067,10.368229983059242,0
40.81523357765337,53940.090344915174,633.1506506319961,2966.406290752977,0.38685709320796957,12.437084834000817,0
35.84808883864399,62977.22954420947,676.6454124810041,13052.769641222914,0.335876561948503,13.883949700422457,0
40.53661457917552,69690.65806243659,643.7577260894861,31960.204778885498,0.41802152990454033,0.0,0
18.848869022876226,54583.40160046579,741.2486607343367,21767.62517215198,0.4403202881355277,2.567134453891045,0
37.20489785476416,69774.40694312385,624.2346239287646,1000.0,0.38164481700187425,9.91563093997953,0
50.627104161410735,58878.27955332293,671.0027008279345,2594.5884109217113,0.18664409389073328,17.274006046774108,0
57.52014422675643,54231.59648678619,850.0,18589.895405765175,0.2664048318547507,3.9138848668964226,0
46.9554672454578,66563.82481748953,701.1574442470643,25158.675114530954,0.379857196577462,13.989357040263187,0
41.53660834018163,52364.15075287859,678.4971036389275,20815.171270839473,0.2681196539978254,5.524619763357067,0
41.6763824411665,61250.78178948641,641.8941432179469,12138.938231591863,0.5967195771567322,0.0,0
32.34069925370003,59697.63407239291,665.0865873031537,10706.201480365766,0.3678549293547307,7.794437533019085,0
49.622991701503,75737.82212440595,671.0971281631008,19113.828051916877,0.4674714324507986,9.599208672093777,0
49.028258592331454,58805.16464286929,765.0423327480564,16029.488063778495,0.41779829447340894,10.14015410677017,0
34.620908430484576,65340.36935887509,758.7647367572217,15206.440523124314,0.3758890703503932,8.613366443130465,0
24.503288956454828,44625.25294036479,777.1348084473748,22853.37495378656,0.3124668359003114,6.506223083299464,0
44.352529220118456,56596.36552281409,597.0527061266574,28495.142840744447,0.35174192896355,6.544295544476611,0
52.599036895486684,79570.20385851218,668.6859284417222,9735.475816201155,0.34633265363312543,13.575926361913673,0
35.52101648073156,80382.66939605838,577.927076878476,34682.34568765928,0.333645252853374,1.608964179269643,0
42.66206779222499,70255.32932070384,850.0,18894.18155592338,0.533703117299002,0.0,0
44.125801614290495,51911.711114859696,707.9756309615469,21450.355682249294,0.17435960855894514,6.0311215310334045,0
49.887728450784195,47930.34108544883,625.592415652167,17769.200103851384,0.10292355827040783,6.859004645651793,0
45.1383272903568,47637.26638405424,647.9556011347281,9686.433220692947,0.22711355391176355,9.795360857753632,0
30.71795168375812,51697.88788225333,748.2411374430411,18911.70628422592,0.1925079734847095,5.256417082635504,0
48.46903898059405,65530.947947781744,444.8071546867993,34025.597935428246,0.42535315165313603,11.899562943587885,0
37.0156425568778,49229.89530012761,610.9146928835669,19983.584473008315,0.22092075290657692,0.7365915166788781,0
40.29141475737381,44577.4573754031,630.3758841528029,15531.074821238188,0.36239432736553334,11.180174365073455,0
48.89030884226519,42225.3754223858,560.5225078923922,20291.67649384727,0.42480642214980663,5.641582241864036,0
21.607391366592708,49085.45577874262,727.7365184045335,25703.51013257661,0.41372262504576784,12.772834459868946,0
48.63595602061697,28829.733762831464,625.1387122195041,16307.291081169184,0.46912040847114356,4.849533104438648,0
29.234094955446533,37344.15584983908,659.0979380710572,29079.946199190326,0.3508631343007985,3.507610352757151,0
34.19617016774337,45295.12737363089,731.8820244611703,23563.172626558287,0.3801424341049354,8.569129401539183,0
52.09027284571865,54856.114136753065,695.3348398650658,22000.19890161026,0.41757862711515753,4.111932335420858,0
52.01744028318589,84376.98663491086,748.3850131226624,16423.978644097264,0.2517616125757216,11.493261469904747,0
31.79536836275758,71728.77753283615,804.6863436879033,18765.875156045968,0.30794950603740556,13.2729542161883,0
29.704228430374478,63226.922130607214,697.4179585367142,19987.201848210578,0.24128441661082908,5.570669029944055,0
24.75144463241159,36044.75554033421,684.4748693489225,24069.353232642796,0.2493346402218209,16.734352472936546,0
31.451400986844,52228.52369526632,762.940059167122,24839.285541428795,0.3566776175993638,0.0,0
56.028155369261384,69567.3694079607,528.8875796255533,25155.227590701783,0.49879767805589403,3.623149197767,0
41.85478987467473,79170.06930805821,638.2629937957909,21002.800259080985,0.49683055862083286,9.71231358051131,0
30.059817077803395,25003.42161991061,687.1497377763909,27197.008921060693,0.2662311870605536,0.0,0
38.68093863216213,80491.27002707831,570.199332512643,14229.008533748056,0.4848107141515846,1.4509299404413154,0
26.64908265369386,57361.48633823785,709.908848814311,15057.056140205608,0.14483794248824,5.725299717074764,0
39.10701558289613,73746.07768416012,752.6652700593776,24736.201638567985,0.35461204673820335,9.639499566618293,0
46.98566404182925,51399.891958153356,652.3717102968609,16798.146396973585,0.4542705762820805,12.931652250000274,0
25.9087431989734,59115.08413697348,602.6511790436087,23877.333957186263,0.23097875914293925,6.340065651764582,0
48.70907016804841,41867.301401166624,668.1295845361187,25779.27710246336,0.4638759445832871,6.502624458794013,0
55.858123940160596,61340.12849987568,676.6184438751578,28228.311979458987,0.4094168305755729,10.924220446023607,0
49.29657840636102,83226.87082929243,601.9158062859884,17442.368004230066,0.2719297543367146,1.2215895290081287,0
34.49123996914469,79720.3168952603,556.0354332661359,22486.157281603773,0.2563967026094141,5.612156200456051,0
49.42044977340326,72454.46994785951,609.2826149106065,24720.198423764432,0.4829010489066905,11.038105715020393,0
30.246506499403353,47883.52738079377,552.3048725949841,26558.006998751585,0.3873817729043322,7.63323081789319,0
29.451494024260356,56350.05863364511,643.2941007975604,12050.425315341388,0.4963109663716287,19.56270974262451,0
61.65421117012678,51166.85068256561,709.0452063321671,33254.73388966458,0.41789178251452747,3.0261992765203924,0
27.327598241766548,65175.26011166713,745.2402264256867,4242.683501394551,0.5252115085287551,0.9929493434991583,0
31.97156828502686,74768.74707572145,780.2955531534692,18833.050564115878,0.2643607271845919,9.985304370339119,0
37.465206172189234,42241.13633108567,642.0598143535232,16604.552969271623,0.35405163624991454,1.3281102738178134,0
40.906987439671866,51944.08092141223,602.2834635862498,15946.711106555404,0.26797157295753116,9.549028682236164,0
53.21715346592073,73962.38244053526,679.3898279699946,17405.10207882697,0.43154683728827437,2.4593218365450404,0
47.9412850646819,76573.41663138955,547.0049472596734,20261.72458585501,0.5204577157159712,8.564965234818244,0
53.597119775466716,41809.01973983992,627.7703624018726,26108.13990201651,0.28142829267197944,11.367883461245336,0
47.719700393250235,58813.80428765557,722.162424447979,32790.03738379541,0.3243165145671113,7.277359457229693,0
42.942166265326115,78596.44202201077,599.7415594721889,1000.0,0.3832884653482578,9.615079500496362,0
26.084809388869267,78493.60862710376,614.7657220805329,26313.982758604106,0.18405605557741508,0.8948244615536991,0
41.4748647106359,54485.17623833796,640.6860101116017,15281.773937573698,0.38468782760882153,13.400595356534915,0
32.70533663057745,76212.02075950842,651.4295769935327,18218.870892637224,0.34003751916143515,19.09708981953104,0
32.798902519260544,65554.98345380412,837.7094480411045,32085.2590544548,0.4501836965734835,12.607165684780608,0
37.14743233575039,45599.63962635885,644.5478896894331,18136.067557267517,0.42726116561970995,17.262352902170193,0
60.905391492002465,85372.05938361357,691.9057169095627,23394.656077083484,0.23557551895353313,7.6355032301936205,0
50.040561480091235,53834.5753608492,685.6103654469493,26521.94338502466,0.5084074746071918,10.389323391953946,0
50.31915860011023,58215.48192528021,657.7206743096782,22315.595349730647,0.43683966412578207,14.568104907657954,0
29.18881722964156,36254.438670626965,655.5919479951821,28763.161221407452,0.45632749677088524,2.674895911844783,0
39.99645038910998,52531.5202759002,726.0409058626825,23482.570822004556,0.6198852830730552,6.196633983642658,0
37.80118451580859,49260.89943797859,713.1364542158161,18831.96191294556,0.39141036499502546,5.188421839807437,0
42.92795130845309,33289.692716690886,664.2033341168196,30797.533488186342,0.41961242655253456,10.674157704799782,0
48.34354521626267,66525.38133886564,763.3754844838768,23046.58053500692,0.4474049402712315,9.123259548173994,0
38.59568168914742,49260.82049953822,699.6748549173278,18538.725686698384,0.35381651634684186,3.26375626481612,0
41.191449624008044,73897.84302610595,649.5236315027279,16918.166638103026,0.27530230632388863,6.502429635207112,0
46.65714586158747,55501.975445922944,720.9875675196207,11541.152245658996,0.3718508620018409,6.41934398724622,0
44.07586449785778,76956.12737232889,733.0160581774606,28266.92547375783,0.3131408607179683,11.708486525816316,0
48.07842743341045,60821.02845233961,624.0943851403068,31259.978039695183,0.33826904286472115,11.98158661777786,0
18.0,57164.89277816695,683.9649562005692,32035.7499426156,0.4319136065860184,1.8056098480495146,0
30.14847145164732,56991.73528268576,673.9882255697083,18846.662744596608,0.3758651301267286,5.4441184674285505,0
38.447242495068046,47281.486396945904,835.1914777755043,29555.53511885886,0.3222267910224366,2.398886605313442,0
29.867719874993078,52533.765121439035,725.7706121537813,10176.998006522856,0.32292667407043407,12.374165580592827,0
29.125641102437427,72356.40221200317,656.6082990463774,16019.867459174397,0.46421669695868895,18.169127831956555,0
18.0,72213.14082543438,705.2347406376908,16505.52094496875,0.33477978836906924,3.1777699624661224,0
46.610291979302005,58020.088651956336,803.2424301910893,9676.398840008533,0.2739027282899927,6.518007234213196,0
36.67079199610768,58663.828194812144,608.1729003156997,31834.843057830603,0.22471832845380604,8.341152347982698,0
30.71397726206861,39461.88747444909,732.3358414406867,20690.586671749166,0.32521944445964956,1.3994582394241446,0
57.159501663525816,52542.61503983349,742.144895634891,32044.932478362527,0.3669799275919504,15.117586809401313,0
35.312437143148536,52000.66261147562,657.5343450914565,32250.031576502366,0.43945856810897527,5.226884654784298,0
48.60097035784412,40093.43521284804,746.031039119199,35847.49396442773,0.4980909712896172,11.978630664015078,0
42.300870440213224,77909.04247947464,661.0326769434628,31811.401506626204,0.28576320551269124,11.697140689097319,0
46.18657993228859,56952.339905776644,703.9652486299366,24082.690149630387,0.4529590699774345,4.1710197454522415,0
19.47437078230937,58136.750751346415,729.9547110340383,5994.5259733855855,0.5479878214218811,16.30872201475434,0
38.33353883996891,71658.73542622298,657.0649153078485,17279.36253448415,0.39268185489496904,10.883166889268022,0
35.54127217422335,46183.32141410611,674.2139240448262,22134.369746112512,0.2702567502981933,13.052469273953765,0
46.858737647681735,70235.47754563403,735.3039391409923,30737.61378879816,0.3250950074385738,1.107664639252353,0
67.85009667748608,26022.048588176607,657.2707887801731,15957.894714262833,0.43129013475109695,8.445762946902235,0
55.23750457880386,51343.89696608454,582.1747639921407,19138.685537727917,0.1861725284677893,1.6801306059033845,0
52.90229930945094,29824.42378614271,603.847589697818,28861.790271811144,0.41411986513414484,20.791885858557826,0
25.216806355485748,78509.15940515565,769.3875722466535,9936.969170892407,0.3565031379169299,8.713916210114505,0
42.14234193645211,71108.8864303847,684.102351389038,17843.004167612293,0.26609257101155576,4.4897648826556065,0
37.59490051973292,50376.56309659284,730.8409307362525,23903.111836182557,0.4940128331022562,0.0,0
25.79050524032158,60080.73624904679,657.3639114575309,28661.837833068083,0.27730305346146356,18.449984923936864,0
43.21659585228902,47214.43215434623,551.6168563333401,21440.750955411422,0.5536190719855041,14.244975201714709,0
50.07324132176613,66184.67561207824,643.9308284388273,31662.619216779276,0.3611458729291863,1.5565937290175142,0
43.297836524371675,71598.42009276495,607.5991682436714,11469.41052508395,0.3793363186879024,8.96098827948898,0
49.205251723412985,50835.78887931915,682.0864915454198,4723.837070143027,0.2003221629763478,4.977455585345264,0
53.49137524931075,65787.9235622846,740.5659932536917,25049.994477771612,0.225869007145935,14.446074126226506,0
36.221385069710706,47169.749621252355,674.4766542254231,24598.080239921896,0.15014025685457563,9.129393235221288,0
59.554198879611704,55074.3751048053,587.1048739695707,5644.535816578396,0.30901789183550743,0.0,0
31.416957887103266,63292.29772365706,652.0115786679805,14324.796816065358,0.4837778813658929,10.954539808941128,0
37.777897550561626,71476.1997900616,691.6779258174379,14845.15491317971,0.28660482764874,14.394490590755915,0
39.487971362576126,50111.37031114362,682.9324738021087,11618.441279462482,0.37809574976589777,9.659388586076311,0
35.6087197687732,58381.36090408885,649.4515706101146,30883.326754199377,0.4279512846585032,14.63747974245679,1
24.9895876493295,66780.611163749,666.3809934058403,3572.87191795704,0.2557303090332501,0.0,0
50.58356925414322,71568.55176557071,741.1045872832713,26431.048473897772,0.4142865435558074,12.835285232328935,0
58.549671627302516,81053.51986742139,699.4089699632124,31474.131818397145,0.37860794695196837,0.0,0
45.02250336685155,57547.674441406256,609.0425415917726,18912.700571908375,0.43032464886263994,11.784627133462964,0
41.14580876531407,88976.11762066264,602.5747596476535,25867.85764975706,0.3047314582468682,2.6868927470119957,0
36.315125030525664,48094.13157923515,711.43017806117,11138.959498147236,0.3952486912404422,4.804237145978094,0
44.593430682962065,72781.39070843603,730.2194103214089,25478.05312230903,0.42784429114709044,7.125281750045843,0
45.855126831234784,84141.1855247229,755.4355601417161,12221.864817570542,0.31783827455385316,18.403050971005037,0
38.180963103134744,87987.230420003,700.9585268256078,32435.69270529029,0.34861313743314626,11.75927725813526,0
33.96764534157238,58466.377206801066,707.2310772157498,27241.750969742137,0.43447812153141885,14.4418109005125,0
18.0,44294.8227498326,698.3783721768943,18908.23650332712,0.39695099232559766,7.203583756930895,0
39.68073025697595,37229.375073172065,662.8472047095697,8745.42046887666,0.2560207905697372,1.4743974767237615,0
54.07188843201487,53664.50498188074,608.1423108675443,27938.460151694348,0.3210921839414422,2.589564312589002,0
40.609708092212585,32543.605051697527,730.4358323365922,15982.5712542591,0.34825212910890624,0.0,0
24.576072751094408,48289.6074181997,652.6138129224719,22468.076385004497,0.24930131681985276,15.182786296296767,0
31.788904240816752,32799.75882290627,749.558551698103,18174.413829417495,0.25703279632739795,6.191352772592966,0
24.00829342398411,65115.15148098184,658.8088600333167,23056.79105748292,0.3104313031661471,13.873047684946307,0
19.311636430632436,76759.92777118352,616.8825385420467,16455.997147706,0.22312375776821705,2.0449604840285494,0
55.09747011077927,57703.78966792179,704.0381778089064,3764.6521757925657,0.4104611054892784,9.209634700496434,0
41.746832062655486,81971.59603756858,673.0447478645465,19879.236467720744,0.38160243147540895,1.1721989462213793,0
44.634275027319354,54969.27409953559,614.525623452102,30208.965211941544,0.47970426761025214,9.682839197835392,0
18.0,69652.87017391226,572.4091607184475,23424.01106637868,0.4343147788339011,9.23504580448433,0
45.441592393194945,45756.79500316529,706.9863598545211,14442.48324876655,0.33632439548485293,3.740383595910229,0
46.98295733877382,63597.48846885162,647.0013273350775,12181.994762372888,0.28322996245288473,18.260598839014865,0
52.52943632890889,72318.58781935128,702.1494381464056,16618.54160924001,0.2564165577914663,10.835658336928589,0
29.516526648688206,65407.14202618849,697.0357531900212,25345.802229653935,0.22721201072699077,11.422149630997229,0
27.186797064556806,75862.66393598632,717.0359501361772,7802.354179842661,0.36273290372043276,7.622175675253849,0
52.76731450158881,62580.917550189464,671.989825014834,33051.93211588042,0.3102032485032406,8.699077197516653,0
46.45132380603238,61546.60952174171,696.7436906606808,14847.535306639264,0.6141325380186178,14.248724024919353,0
37.02362912202673,62800.08005695312,635.7888213409091,17434.930656325625,0.44300804259905124,13.312966595442834,0
47.55742195758281,78433.37688180752,767.0928420749317,33661.55377689469,0.3515459644630984,7.334041064910831,0
57.581217444856016,66121.76899358482,655.2756562836054,16975.06824148382,0.4092029083369136,10.581644780879174,0
43.07045880555736,67246.04558365731,754.2130406543151,17325.613580478494,0.1360192889879508,11.12184816705153,0
45.29926930970209,63336.69816813965,692.130369727514,10180.2792204985,0.41902042126847294,5.301789432797866,0
49.4012027109954,77966.28734475086,727.5740223875274,10732.580976820836,0.48836097086670827,8.20748015197132,0
47.46221218768966,24896.893227254128,777.6778212935515,35257.4519303788,0.4240915153716622,11.96677706484522,0
38.587337747739106,50726.49870365627,639.5758266324858,24360.69353520655,0.33637856497016,7.44407011560466,0
40.85528807578336,60950.16694561873,740.3321603298325,25086.088822009566,0.3307371844707365,0.008362146883191812,0
21.16191279549912,62223.412258785254,654.1330303691119,19724.933322344314,0.4347392185515876,6.279621708089717,0
26.85857825662735,37868.15944974754,707.1982587024239,1000.0,0.3598030655819965,12.04998911518381,0
66.01240093250226,83575.29590867761,668.8833610716883,38626.724804900994,0.1684382155943906,8.693938531182622,0
33.8744803832832,62905.60611564293,698.7849672829234,6368.5875765021865,0.5146650912119628,2.6609760250324754,0
22.850373936947022,51971.69103574017,610.2387953585338,18713.601768763812,0.40656878063264656,10.315700678382761,0
53.50045792334346,81263.34590361358,720.1901406400391,14585.49504695936,0.32657862163823326,0.0,0
57.989898765513466,74523.4034491792,631.1864388704,25532.688736623877,0.45056411841742683,12.273242549468263,0
26.871463361620357,37873.131613120946,708.5190379130562,13456.617776304389,0.38523389342004527,2.4452086757477307,0
40.335903814218035,27129.089873439792,687.1452194668358,15221.836706603977,0.5856683760404751,10.797034405101329,0
37.79792065197505,46989.27741536449,669.1703970469262,19220.60751879449,0.41577949412048965,8.79602685113087,0
36.915282862632935,73170.67662646848,737.5438825880096,27219.514862565182,0.14431971153598064,15.016549403945152,0
31.579335033579085,72631.61239894896,756.697089959312,17578.535264571346,0.21709667439419106,7.287875612618731,0
31.68838243412017,65289.54294948936,776.5440546969307,16090.791285413054,0.4016546835259863,7.673794266986346,0
35.060586850045354,72617.86797059834,518.9214381407683,5975.435520332385,0.3026736424311934,11.640898030930943,0
45.52794316979099,57186.706819790496,753.314418302213,6178.529925142895,0.2337094193470058,9.982116458193396,0
38.094888520786746,78198.28122351634,692.62317730979,8474.030424876628,0.43988626798721997,3.006705043994498,0
42.31609165610943,73057.30002361625,680.0653043021692,16443.89095549087,0.3921987939771799,3.4381450674451752,0
41.55411891824139,46384.482091026504,800.8393754626666,24971.004696811804,0.1905782002806333,8.142903920367578,0
38.042973127169866,59202.97564304467,779.6510274302486,12761.85078366987,0.3222248559991384,7.461765062141338,0
33.47880537024314,61318.85542006103,784.1102778003454,28118.586311761712,0.4036914377234807,16.839085783636435,0
31.42303714284683,73009.10928634946,657.9996785949859,29710.7675778485,0.31696869433756825,12.15791488089871,0
36.26504820231239,45815.02591104668,741.2209424187095,18338.223268805228,0.32410295608633566,9.156787551382845,0
39.84025236013747,59023.50094528099,566.8437808033314,28925.8857477539,0.5291779912821912,5.245954641531601,0
25.668694101656754,68760.67822827741,630.0470203815192,15540.956300101565,0.30322059500227755,3.167207807471348,0
32.1401341072156,52728.532058364435,660.2936105423298,1709.4965038766204,0.37394051879029183,8.507405537098382,0
49.81169441746548,74129.58253744517,671.3431549695903,31244.141048778314,0.2488837307560788,4.7635529224129005,0
31.830937530864226,71796.7761026783,625.1584677661319,13419.249812757653,0.44973631854420687,7.693245287718436,0
41.2228660357743,51497.38417306376,782.6681303614063,32162.325261423295,0.33448165848629285,7.167190872804798,0
25.73241476976099,59724.13523104631,682.4908221782435,12792.936163075983,0.22962504917823418,8.554592174133152,0
52.6047544123284,63194.79828844906,618.8214843472095,2002.759533117187,0.5541615132639435,7.680049910177331,0
53.51807044934211,59712.2283881912,612.311466787719,21618.683348683942,0.4577717153920334,9.53086544193479,0
42.57182880202122,43936.366054020385,695.7748526693753,4950.9275892257065,0.3220754143245175,8.479573542799855,0
41.26085735824519,48475.608449043095,665.4963792501884,25961.608277936513,0.26599694179138733,8.377683257060212,0
44.6604414567198,86740.8720224004,715.7175330571048,9542.34441085298,0.11640224060330798,0.0,0
38.64187490918305,53569.425574632325,651.500469869216,17877.209927791242,0.40049826531576666,6.954083244812555,0
32.89332999823496,68163.82498532573,719.5362729294603,31492.017809734898,0.30881288723202527,10.38248576853702,0
48.636455181375254,52368.08005100661,754.978600413146,14411.060721979014,0.2465957567971305,3.4910323677801323,0
32.73259343096218,30645.807315393216,637.6334926210181,26628.73160282568,0.2816240895917599,4.169218273576329,0
44.174118285256775,91103.86538417211,730.4660656574267,27793.20803695049,0.2502550102497784,9.140937398055117,0
52.732693537505924,47383.33093663512,701.6124140451041,14260.3963139533,0.3919162682566409,0.0,0
28.05300670193229,61365.95010316577,708.0587837091795,20791.30916051082,0.3123107915318549,13.340273051965362,0
38.547687042920934,46999.81993837317,610.0250977923721,28932.5759341599,0.21786451542052487,6.637113469040783,0
40.13519410019218,53599.69919426019,750.6796152256828,19625.982826412557,0.49631252757234795,0.0,0
18.43512347571322,58368.69376511068,757.2940744222499,28344.23579321793,0.33424322632143944,9.70735142066341,0
35.05082529591417,52891.97078656818,588.4147896142989,30760.31706785924,0.4103261625666652,7.476746934294038,0
40.71769971333241,66945.50077796305,727.5859193841549,27941.044925785238,0.30615603338366004,3.0118556824297302,0
27.08440817166379,85647.56500773871,850.0,27023.772772239172,0.2148912009126132,7.997192379629533,0
50.010022005752724,54763.19728681709,682.6362603995569,29381.87398526757,0.35429605790136875,8.290216750705177,0
56.69010891443234,78541.7275838086,757.2587586670993,14250.796608183482,0.3016002309708839,11.05734897211185,0
54.80147704270954,50351.1029440197,692.6505223566016,20846.368444214248,0.582226058433636,11.152103400441558,0
60.851158998097056,66191.1390044241,588.9979500415783,12609.357097665554,0.520419240064196,6.4256381793568345,0
37.081783393057556,51011.44778763499,750.0438512471923,17464.27792421768,0.6263693354157989,1.8639824462120798,0
51.913047760618745,59356.99002475842,734.5913003678822,16604.765602048494,0.35446734755947573,8.520959309504342,0
43.40634115568795,59079.20855415925,676.0129150869601,25962.979874963024,0.2484303377548887,11.375842343049396,0
27.659424864531985,79368.29157568855,667.4681128442858,17398.815701561467,0.25858970564532663,10.548870608742313,0
30.544770420959374,70382.09729022966,569.7129465766637,27477.15882603736,0.23496259495459582,12.489118576399514,0
35.989832181111645,67241.33768891422,779.4194713070074,1000.0,0.26209801722046017,12.52311868027013,0
22.205295831310465,55659.45999390172,811.6676806699984,33398.30913633511,0.2663229969248713,11.873129353210071,0
39.77308349534756,73332.39106790355,658.3389299620851,15182.171953070432,0.42165933552698354,1.23325804482303,0
40.3147424387305,73683.15676618242,706.4092711644324,3642.5621679240976,0.5181519698853198,3.546715541703816,0
68.882477365525,62968.93972405178,556.6660582333766,24914.13568865444,0.2755415627528286,8.462196347668531,0
43.049573753294545,51805.947545203926,657.1100908647616,26469.929973867536,0.37385248133019283,1.1246002742420895,0
53.865993466477626,63843.80089564228,713.0605835270861,24754.43736912533,0.20537552514373994,16.794307728336758,0
45.589775639558056,39138.89573041146,643.3570212482362,35694.380965563556,0.23842511437975777,6.006168762864693,0
33.13533772386459,76079.18239499477,644.4293062684901,18749.86307714195,0.49901987206575105,4.376960146440274,0
30.30540161718624,30606.11408462336,641.3365350475639,19259.631255144883,0.35837679928554206,5.212200905152305,0
34.26906994663856,77914.57018261222,687.0959427674317,20891.7785049984,0.47207016041249716,4.147912981957865,0
36.65050284327792,46533.93832482274,810.2577379617152,11426.480590320232,0.1835666771314502,5.479384359560716,0
51.663046007602695,50244.5518416713,741.0509282697941,12128.775117575076,0.3426008449973349,4.36154412808575,0
52.509532695598025,53315.22542256576,654.7577844869708,29893.312334735387,0.2616348511563564,0.0,0
36.07886867667776,70357.12405936737,714.6096609995732,22940.75618352663,0.1899234469913145,3.347701737767675,0
37.52404154576482,52483.23157145691,788.8790705934849,15190.138932673875,0.28291063040493303,20.491156984704283,0
32.013199459169954,73324.57108030173,664.3098032478018,21139.68991171051,0.2893675426374734,8.235607712942334,0
38.10690429230239,76663.48209495358,664.7181743632768,28216.943759734168,0.37327806181196554,19.953425099945925,0
42.76825624759872,74774.32004388438,738.4656966663384,15559.900037205005,0.5936700346068063,4.504921648934314,0
34.46465092105716,45256.31332654682,681.810265877946,19241.290317051884,0.6095381843877099,0.2616511357044633,0
41.42040996948152,79586.97003201256,716.3518491561329,27082.82911680277,0.3542784818804324,4.7072926175446295,0
33.612990395011735,51569.429061467585,684.7407211111322,28453.551202520015,0.3252799906802367,17.297332644092442,1
53.51356818194486,92430.95870308354,669.6485519182075,1000.0,0.21167543636393918,13.057084364006158,0
42.29754358877864,53614.4730115976,850.0,11179.236929488072,0.3800092132022744,0.6168341905763679,0
34.28288482834352,26499.406834474037,629.474161902683,29136.70759103048,0.3687810349107037,11.463672248190715,0
54.2344794936905,75609.63377627423,658.8965261853169,11802.29944567791,0.3328927309607047,10.653384731024628,0
22.47175445433959,56659.19109500841,717.7154524517292,19983.511149450886,0.4005306150558912,12.76091285444351,0
38.69086478527741,43514.013472286635,732.6960636897113,33478.38809816685,0.331120909159135,10.95850108187978,0
55.51125782856241,44707.97049294799,676.68025007723,24434.929685460527,0.35886072690341714,10.769087363160454,0
52.42648562276773,85264.38869823393,663.6105174087783,22055.212476693596,0.14032790821523833,5.422413061476336,0
48.05834452800771,57160.48207119579,682.9419991284101,21988.383571600043,0.3191124606738268,6.906301518741048,0
39.632882358627036,54536.727843640554,661.881136675104,19988.12284623296,0.28286978874728286,0.0,0
50.372114808925936,62824.09681546437,713.7578440450196,22274.400751939345,0.5270074543031673,5.143540548722969,0
47.419761001152175,67241.7007876473,605.4901383433132,29552.405233477715,0.40221350852774507,7.047795719636306,0
50.99550267609302,42247.70387810915,661.6948052044793,9229.851698815335,0.34560616340906347,13.662316589803751,0
29.745008100042448,63824.528642855206,708.4698102903736,18995.579978244994,0.37615065808458026,9.063207154298405,0
51.3216967032388,48746.92435195011,718.8967985786602,21734.686467213578,0.5186577603990395,11.199213218892359,0
30.8177839154301,59695.60801092175,678.4210733089952,23975.90190932901,0.4249473117249529,11.62317454366923,0
27.090081058979386,61453.335698691975,727.5628770127659,21449.66453565054,0.4253494510847163,3.710750667255714,0
39.91123690880828,109067.85805997282,538.7445156051722,16258.953309519842,0.3310451010624335,4.104084920651671,0
39.27889229725155,79119.42315806908,679.2670370636129,32388.544591509708,0.2442587860243049,0.0,0
52.92545009058561,103640.23868786394,634.582334237235,26950.248289279327,0.5889647688387284,10.026264251597446,0
37.857420120481244,55817.853283271295,717.3619212354611,21806.91957643004,0.43473954390755576,8.53909424196097,0
43.249957252226885,75017.87488448893,711.0529406930582,23330.094009500546,0.3788373815005317,6.451827518780558,0
29.80625946126021,63738.61049941668,785.0429277426055,35552.81066529894,0.43769413232834087,6.518741047010398,1
27.566486516065567,83105.62254030093,629.3983863679827,21693.453757981315,0.3120468309471316,4.428160882285317,0
36.3331880478387,29302.04184792361,572.5209356465641,23624.048127911235,0.14684794630868636,8.471113479438262,0
45.89336376373093,39610.486386590885,764.3503590196021,12471.312508899839,0.3817731532587163,8.599384581239159,0
66.19667623589987,34157.47729027589,682.3306919149802,26075.795857737674,0.3789149783424074,6.27864468328781,0
29.354267525817367,73259.66398075648,659.0138244494608,20126.765938399232,0.37142835588866246,6.995593745412349,0
58.26460209902817,47485.49387276811,727.2603213762208,10449.8969575022,0.4588876293059948,6.918449737219738,0
37.12603545074548,64989.33631433154,566.4941621036377,38819.01510405875,0.2899655798774453,0.0,0
54.312740957079725,65096.20331244575,643.8504985825307,18686.17787852979,0.5337320948166852,15.51635502437518,0
25.131015945611534,55968.97668080729,683.2475360798893,26641.21492551451,0.44060910281940435,11.757168718436441,0
42.6463236551558,74012.45916689844,676.9190545569912,12985.97426079035,0.45863656349215504,15.60348566939008,0
41.60685077650214,56840.350769106604,688.650959787908,33923.158741316416,0.5260577615186911,0.9429254733492893,0
35.474936690415085,75285.78834569012,725.7053964459495,25489.56886315693,0.4103240332537129,9.304119163441984,0
37.23861356868346,50219.01717436542,683.9680193243628,10173.926884610826,0.21151549361196756,9.059689641283935,0
39.99036143997085,67165.47447467432,635.1556284828866,14454.537647269932,0.4812872982691587,3.5954655025845614,0
41.30322267806631,69946.7740972025,639.0498269003331,7541.089762657803,0.2860159838803695,11.915382238200818,0
20.91252432775708,36557.06414979089,705.339502158844,15887.826120657239,0.32259525332547767,6.120661287809379,0
27.33344540634732,62273.53496538088,761.1785455553768,37833.93005295989,0.43205378020516116,3.0152437028239687,0
31.093174428663637,55160.791671087885,669.2798480891844,1000.0,0.3530678768877883,5.856609533341674,0
18.0,48291.44173952741,789.947083750691,2390.2105295660913,0.3821507186677917,1.895459258145923,0
26.14026947357295,97096.76672556109,655.9471017703555,12666.561464997398,0.40623218384588977,6.597780367128779,0
47.45837968130695,73417.52718730742,655.7488843552252,16991.877114750743,0.22786400557486097,4.66591655318906,0
43.086585180160725,76882.44790247455,681.9682417547673,20311.256496049224,0.3253658035584107,3.867475756168604,0
30.643292951709697,88014.27332628288,818.5793977618376,9687.260714099657,0.341716665613255,8.20699210640348,0
49.41244787482796,70594.54272207835,641.8035590211147,25342.32746909365,0.5117311230506287,14.099251047407833,0
39.91688523866774,51758.525403712636,628.2625421516778,19528.409885860663,0.2896374855225869,13.843577126008515,0
30.547756813627917,82091.58925058143,744.0709743439807,8408.86716764264,0.484231081663865,9.815497384348904,0
46.26272483021281,45398.678089167755,716.5656880586989,23534.459455786066,0.4362014488949032,15.094182365083107,0
53.39398934928884,41779.321368350225,620.3543145121446,21540.11346845396,0.33185430537398525,1.790931198483289,0
36.43250602742628,65396.28104638437,707.6901080466279,19285.35241553237,0.30050581597210824,7.449521294033804,0
47.38493312000728,70453.87277623503,737.5965637455758,7253.5788609558,0.30927494144917245,9.648293242307986,0
42.92830702240612,49628.67997568162,682.9397063246631,20590.374300246596,0.2728188100349058,8.576497873706652,0
43.257659125136996,53501.51835299769,714.0275481952951,12119.531284038221,0.34522650088038886,17.93396462943565,0
27.390886618413674,49108.745673415935,695.3240842806935,9223.083976191881,0.434892411167989,0.0,0
26.25043539355859,67024.52747052704,668.535131909808,18965.282641249323,0.41721417391053994,3.539385088585739,0
28.76537885460889,59715.57879594578,640.1282047636479,16965.504084067383,0.33477337101651816,17.584107421510343,0
43.132895365677726,53676.66883789195,700.6410054681294,27561.313682608496,0.3620139525073274,8.09045865008205,0
39.314716215769586,58612.67253144727,687.7778550048691,18678.535122637568,0.4108228055192916,6.215417188048491,0
38.11316551045322,76048.7491949863,639.7059826776015,44097.041733568956,0.2362991910710419,5.822290011319582,0
52.950232073126934,58593.2723271705,712.956471002451,41310.46182561536,0.37503117331388364,13.272670427319774,0
55.36683188268673,57868.83476616264,650.9295378604971,12736.746367660857,0.2046464067299314,14.516702673787142,0
21.054680313602734,54992.211139824954,696.1724337412954,10994.658846576061,0.3254964635013594,11.113760409359003,0
18.500888177697536,83253.90967223034,793.0844498717024,25343.667050786706,0.20001666167273047,6.402498687170024,0
35.3324025149313,68311.34164829741,622.2714974608725,16859.69293197317,0.2908195620835903,7.295369205859115,0
44.403062955438116,78194.22030890372,667.9881509425584,24915.203415318698,0.29807011278302514,5.1532822214639795,0
45.80864184079329,64807.466417493066,699.2626194571642,8100.554522994507,0.31995596568647666,4.397925916492124,0
37.29286880044305,36710.52655531271,657.905732846832,25551.930776323265,0.4549298741624651,8.58978213316589,0
18.639647683595634,53928.17731508777,722.3405587251225,24703.871551054785,0.3092073027006019,11.020830804776278,0
58.92136757542003,62608.12387080645,636.2035158233753,18619.257924090256,0.4493355141411416,13.720751750095491,0
33.02141216244013,78522.99671612444,580.0544502924871,24524.46821801795,0.4278296100464764,12.73285306093446,0
43.58151179437657,24189.62018277208,614.4184639830855,11713.558486597449,0.2836265567858151,9.463609162932842,0
40.208949668619624,70294.1078858871,649.7702891365833,17320.494035832442,0.35906310032555844,3.002410822694105,0
36.67861839307192,77336.93649209729,763.8676315380459,13894.122090425913,0.34598643955707864,6.6364216231787605,0
51.196486020539986,44804.155451638326,709.7368803016897,26685.172432244264,0.2852721618841961,3.5677408761149385,0
52.70049413575568,37570.926763700096,576.0093409315513,10530.37159066802,0.3491845285867416,9.142855209838016,0
26.262370360149383,107020.35994202035,606.7417499660918,8530.796009061209,0.1412454141579449,0.5363394813196516,0
18.0,59614.35495769284,685.2418872378065,15230.618590100645,0.38318824225167647,10.643395237701519,0
33.37806060982947,49360.44249819021,730.5993573454161,33862.96165659605,0.4704678729351356,4.844250137084999,0
43.44102657998029,62024.756384227774,621.6445109362104,15360.73787162409,0.38111358368245224,0.4545746263120858,0
42.78574845664361,74884.60050182257,700.4067567100484,17402.40920586768,0.36479131305762164,15.887207898594127,0
43.5877188335791,48973.96815782036,644.0590948973471,12328.250086991651,0.20436156430584088,12.51035237227487,0
51.34377888131704,80620.74321714956,681.0303111960554,26987.89490529556,0.43363300158538387,8.74949783609344,0
50.25637592037817,35180.675714110665,673.7482522345485,15399.24646870197,0.4110858003724907,10.466410968754797,0
35.576263921698235,58201.40676607382,779.4428149602923,12447.475970037285,0.47206606429593984,10.538084567266345,0
26.068358474985224,60541.14350069126,636.1959671309728,23541.276610859015,0.4813783418117269,3.604644113537005,0
32.32012308971552,82194.18224587658,651.2153912412591,17078.116591358317,0.29595063832857443,12.359700823264525,0
51.95025259480833,57939.55918799831,757.371712679728,12884.438183435292,0.33281324659097566,0.0,0
32.84974534542061,58272.36414299055,660.8043760126496,21849.098441091373,0.4912370673865406,1.4960355906309797,0
51.42775160811852,55113.33821926944,733.5954263476431,24410.701932525368,0.18926085660108585,13.2603188304278,0
46.78916133248716,23585.123544282942,610.2192446582849,26480.893703873415,0.3822008435859901,15.793372730991463,0
61.761434637015014,52320.0840518421,614.3214274183658,20780.46270154114,0.26037287641899476,3.2415483462911503,0
39.891377990506136,93692.2858831165,704.6706058132157,27112.11527594355,0.2693579425859183,4.308572498054532,0
18.0,57640.60382030729,681.7820445406587,14822.457054813118,0.42997713755433636,11.767921248944448,0
60.20619668295936,71508.29192251131,600.112529538482,23190.79606132558,0.34068335042492104,9.196026701762927,0
40.3366834837018,55178.69215755297,679.3621797043228,10012.914063177057,0.36782495372133245,1.8138728673034263,0
38.75178998208264,63690.02406576742,764.2688851383533,6664.389038996431,0.4691421417619249,18.289511329266873,0
54.39175443735045,55913.80852751644,724.5517257336661,16368.807131776563,0.4601130096057441,7.8104313828976535,0
36.50704718915328,47685.735571597295,734.0190685615922,23793.882394181128,0.3983401952581052,19.85556060103431,0
29.270521998340612,66446.8162744367,635.0998235213424,20555.93325586357,0.4014771886455862,9.645635523385335,0
36.468355872539824,48402.2479197456,701.2522203468149,15139.402500169661,0.44104171663496633,17.04084509092376,0
45.8107031068665,74877.46281449296,722.4126940142392,5001.132215933467,0.25508654457930646,5.1482633006753025,0
36.06800688565018,70234.19477524258,636.6942410492567,14542.493409101968,0.20616049437505093,5.146606352574214,0
58.262544006860956,48186.47569956495,708.6731555266306,29562.305903565313,0.3472809045678367,1.399107632318275,0
30.260545442150637,48698.41957237156,608.8833067695964,26670.249989015967,0.4189549171956177,13.187405993701487,0
32.16400954820933,78471.43352429151,696.3881141557297,19795.64378445124,0.474798555111736,6.092497121494187,0
26.17184935066989,76218.86349142386,655.2517803179302,21540.745506026655,0.35840727393859334,7.70516013453567,0
59.20209179179547,54396.45438785242,798.7231439804981,14840.976558851842,0.4610348101294476,7.860591120155694,0
57.37206577228616,57352.799657072144,654.2965994351038,24270.74498336863,0.38946065412133496,5.314170482748541,0
36.96949033906753,55414.79029483679,680.5813375432306,22972.25222530352,0.21637329245769235,4.323908470878392,0
31.091864023653606,80695.9119922182,626.6813950601622,8001.701277290409,0.3839404177614248,13.013911734056695,0
22.072528968171127,72223.48514643565,762.4890415640004,13633.998883114713,0.4676627951477549,0.0562245949286595,0
54.54429950375974,67297.56366596906,598.0443810547233,34328.90498957414,0.28999351649943483,7.3228857304536525,0
46.280310827826916,46364.67790525509,649.0129850013055,22151.302531427933,0.3933291032171201,15.921653174166718,0
46.46265050927563,44175.50569738616,571.9414101352681,28553.050642583716,0.30993564315608557,2.4518567969031384,0
36.204354426487946,74089.58631802318,602.5467182851863,22568.41543835372,0.33126998139531477,1.0279142518657833,0
52.14762428488464,85043.11735445289,721.7745850091134,12104.003685642363,0.3228067582269226,6.385349575992963,0
40.24627528055157,19091.255955885164,708.9400778898255,25112.822575929556,0.36000550146970944,0.0,0
27.971500011962167,35958.76777091392,731.1309645055486,24870.676020703555,0.22742639943523163,1.8972264438483153,0
30.823621264331894,69550.54278253463,729.0449057389249,28309.847008214154,0.4446524041770779,5.4449501544232035,0
42.63543172169369,56352.70107072817,703.1429869400954,26891.737692589122,0.4564502794162397,0.0,0
26.181492728816025,45816.07700864322,688.5461770439823,11932.203417403274,0.4530247620319976,10.781760454137473,0
45.285913370131524,70175.75426876944,529.8776313021806,24669.642805717645,0.25814498666643293,9.156529842749068,0
30.412953755508095,40058.948644580494,679.9532398004204,32187.790890169425,0.41553916747424147,8.262447017938355,0
35.155920953163424,73556.24671549465,634.5123090665157,7886.599476355281,0.4486359891314086,5.320653054856853,0
34.55921072323948,53431.08292702251,713.1649767693146,20914.061550493683,0.3933834540796083,11.821939593604858,0
36.645306735935506,84837.6977089716,718.5813230483693,20320.92784636948,0.27141694052489596,4.769016157773482,0
45.216431849410384,56928.85987326501,656.0787223834661,11670.65415236675,0.29975464489536274,0.0,0
26.579561862165626,74601.26264250977,632.0348107895121,16192.199673140394,0.49138736196525545,7.066432797473039,0
33.18079087612851,53172.705231892236,743.8999627151849,23667.756752963203,0.33826977906368794,9.0121190814999,0
25.957802644508575,45300.62428312084,675.8087859888234,35313.58182371767,0.2791128007977511,0.0,1
34.70199650907583,51019.55992729666,635.7076293310893,19074.9347349505,0.2723983379593169,7.017881807743811,0
29.752533837030064,60910.116088223534,737.390459773396,20707.19133266845,0.28797139928156035,7.598622690427085,0
41.29971663056787,36967.43773810862,708.5055662020279,15973.780876328816,0.40781811483547115,8.467929015504039,0
44.43141907030323,76603.46158048525,760.0317245390268,3252.23312647485,0.149439759574576,7.710801066715738,0
59.35820958070095,59563.372480188795,650.8041117815748,18563.773116423785,0.21224862197643296,7.946147639924912,0
35.07700752448924,24973.369991538813,704.9755015060517,13060.245474991643,0.1955391812362981,16.60797707117014,0
53.38036563366891,37702.51440552398,709.6235802427342,28048.166305683393,0.41768449746823794,4.993608576828668,0
34.38889580788013,42872.56830914879,720.9532272567014,6725.523969774858,0.24576155692024723,5.9998207851023135,0
33.07990019460822,43251.97226450537,561.4724520849652,11292.089908078597,0.16304933116907888,11.299443634176296,0
46.23305653417249,62831.380265655054,609.237680290252,24524.284198472713,0.32684316072923886,12.775032056038231,0
50.151535898652824,57033.410250700006,739.350398613986,18359.016844355203,0.3836510392831426,8.224664406532842,0
50.91775756496675,65904.9654420321,767.4560254061198,22089.50447802116,0.2858473894059687,14.213790983654263,0
45.11343836796638,49196.40743991485,677.9356755637666,25005.641969094046,0.29177284938346754,10.422343832429656,0
41.44618787780328,74457.51450483504,679.8153049214482,14334.77339262417,0.4720733036091967,4.444851227790354,0
57.70134598344349,49481.79022358939,763.2690679633264,22919.007642434906,0.49577231143931155,12.520161577076237,0
35.07013192486358,47731.33458891619,678.0313439039339,18305.204476883053,0.3819272649609249,11.225468821990905,0
31.33234027098019,66944.86718766588,707.8398062362885,14887.118246529084,0.30336658874413264,15.197476959064172,0
33.51243305063051,44763.92917537776,617.4460319171244,18380.191957700852,0.413239580507924,3.275496519069959,0
26.916854462694307,73766.96335022108,623.8190324087944,29843.844921045995,0.3619178511361466,12.465967769158095,0
33.10809302301033,82710.32489782645,632.7914180566637,9138.248234254477,0.34540007827059566,3.389125875702744,0
55.91424341364403,74392.81405210192,720.7202464396867,46858.03760541392,0.46009260706998617,4.64778051126201,1
23.620220220074362,47233.31188943954,707.3099448278584,31524.698125214323,0.2116449089659142,11.142052634423685,0
57.53721558489829,52259.836183451014,796.3443647384942,15288.33949097004,0.3621789520579117,10.794945556642807,0
24.338559813151605,68732.55044609134,671.0668516981644,18728.391733373945,0.3608476701814772,13.222972058396456,0
50.68526424607893,56944.4165744183,637.0028605597671,17232.453267865025,0.6024616732341286,8.206240736789788,0
18.0,80678.70563380177,702.8424175151506,21623.15599158625,0.2984066924367744,9.748004478264313,0
57.4852304692399,80973.26235676254,746.8514771919474,21073.283205082746,0.42824800737523505,0.9144199547415575,0
32.97983936580956,76981.55537959297,551.3774165010653,30630.375081590013,0.36927526775298986,2.2627060143867554,0
41.90926412356257,84222.23340449738,767.9550337611444,32236.282046116303,0.34009831288274917,9.114850219557518,0
39.131539203867675,47517.24694470187,637.4579987534443,28844.67223217792,0.3683885191897053,11.53781115723213,0
36.49335836718347,50701.77180041054,652.548007757315,18612.822904006447,0.5277139383823619,6.458343173964799,0
55.4774216975307,68704.19927995646,670.1659417035648,21356.9526944387,0.3746874405590756,7.269269210788295,0
50.70922361025797,87089.30566944739,653.9579759905776,14528.183448163123,0.24569908779006516,4.316649933845704,0
39.390851919282824,46437.12007057776,644.6493025783288,15078.386711892814,0.26360151622510397,3.6808250892903516,0
44.715495906486375,56636.46542103602,621.5572594595785,31856.295228892253,0.48411634357351974,10.673850732554229,0
49.504934790685724,67483.72806535114,750.3577331219507,24746.1533902527,0.34755217329463717,9.358493736828988,0
36.935649004799494,58532.190454864474,689.7081785427191,12563.556681456177,0.4337451935163791,10.026669498070984,0
48.617541635496224,27121.441375899136,696.9800088760342,28770.30390786811,0.25767861942499265,4.030473560882935,1
50.63416635824937,51677.686576073844,683.7073228686719,21430.39111824671,0.31143894430214303,14.542837661048925,0
33.99959574294989,53180.01372741446,611.7576540270447,30978.575186132264,0.19062579089688023,4.590953713060966,0
28.38946945894881,54414.0778933922,756.8695103265356,15700.429618174223,0.49076204446988214,6.898922981823702,0
43.392759211991375,44919.4684023958,685.5320396236505,16070.81514159519,0.2154531158998909,0.0,0
31.029394744118136,56265.62598476138,674.3396628896048,23221.052775593114,0.4134898409022263,6.150599614188621,0
44.327747071751794,27865.78836431581,625.0763081398937,23547.826456143583,0.27084411522725316,8.179033837399068,0
37.19567199650926,46214.57668131774,706.9638944128689,18083.22040285008,0.3644905170323271,6.492323644136025,0
50.14533064102139,51660.30308424528,709.2679066696286,5915.872651839478,0.3711304515102323,14.837253063671117,0
49.16915793585829,59077.52868484991,577.5406980418196,26996.21009830371,0.3058619086996979,7.254253686853262,0
61.18753147780704,71476.0653834869,751.3154367659312,16187.453811735291,0.3074269858699197,0.0,0
52.63295393637684,50912.0722624452,728.4558406306566,41368.064024153864,0.3036496501920993,4.020328338810369,0
45.369648181161054,67598.25543013052,748.0030239974573,10386.48125824266,0.4407501111711049,12.72575507565012,0
33.87471463918284,55311.217936844056,700.4532628468096,23947.023577006894,0.4981637601605292,8.764022915171008,0
29.802499111830755,39599.6354559809,615.48693524382,18755.01644236144,0.13845076784280808,12.843852613296377,0
45.34358326902076,62208.128414450824,686.5558725025844,25364.60962999327,0.33759899367530904,11.19291140824572,0
53.2930676993308,66432.86848076784,718.3581132958866,16192.010377718969,0.28729099655067336,7.393537957020612,0
48.96092898694957,81614.49645892718,687.5082357205245,28012.004373990876,0.3986005924513231,11.07722387807572,0
38.70013977934018,58880.139167869864,706.5375034680171,22307.508301771504,0.40074965826289155,10.11254797681184,0
34.42262384263159,64680.147972935694,674.2988126294988,9806.9830387806,0.3782323693262327,6.4512311584274125,0
51.67514247106379,76981.44715268216,672.987725368092,13232.593778149425,0.47871980485591226,3.279411467670723,0
42.60732974114495,62693.95184800167,770.0827752948728,14035.299395860278,0.2818842532663286,7.154387187248533,0
22.11660981994904,36498.7843092714,808.2015055433388,23597.892987052295,0.3287210681711176,10.927660913816798,0
55.52458340719585,50152.733351666946,648.0774780517268,23371.90234698084,0.5589966100107175,10.641403724239733,0
18.0,70871.83136650281,621.7476353093414,25106.040063450047,0.25284080733435643,16.623605721720416,0
32.20233000840293,58725.235018141575,839.0679962964024,13778.621280772813,0.5297800063844413,8.259936176720428,0
35.93086062869297,67206.38481486442,690.5020733670132,17042.073374373216,0.4549188148728237,15.746792201654301,0
46.09785841567002,76935.53436046338,656.0760748801754,18080.045555001663,0.25792394582578804,17.839092703697403,1
34.58932860495254,63994.30174213101,578.0566987987385,17589.49641784323,0.32693344923910245,12.611342619950479,0
33.07134241119054,62590.48524321741,829.2501228909998,21901.761761258615,0.3796122526922695,7.044057832961159,0
39.69243178414233,58228.67407412407,689.0184205131338,30154.83350940862,0.35555921678820734,6.118348411183656,0
51.513007353761424,64201.17376856221,726.8384312688671,22925.510650787448,0.4698433066926624,7.315153552181045,0
36.665084588085264,58425.290625301364,745.904716207923,32422.02369923413,0.3449183969321825,12.76983891092972,0
61.2137034727789,68240.64452505534,694.6550573207074,22098.196453000968,0.25622163633617645,9.259088973285804,0
42.72385013945845,56943.74640384204,710.1075864899456,9138.879493065248,0.4108038407024886,15.307225470055364,0
35.020242043772754,60677.92570765481,750.4999268647165,25758.584718349768,0.19628896655348593,8.367771691862398,0
35.72437948390732,29653.745070204237,659.0289142402648,16115.385929507385,0.0849725046948398,9.499938532187674,0
33.33056300383076,58458.817536792696,687.6328778029635,7202.370514059387,0.35573827159660754,7.963757756736305,0
46.6844223444224,47247.689695286885,829.800464032502,27921.700841744998,0.2740383218666485,10.67169719718984,0
37.10681624809506,50367.35802526968,662.1097712250863,19783.813117038928,0.41148446540118455,13.588582024691384,0
38.37330991043336,56339.72563237286,621.9361309456035,5497.582083935045,0.29632197016562173,0.0,0
33.65498665217963,56105.53764887248,677.6112560073096,9999.606348204985,0.266325588367769,8.832587988827168,0
58.23644015395196,74356.24676859914,753.5119068928102,23390.570031961768,0.226796945166437,3.810049203924412,0
20.884515534605764,65856.32526893629,582.5769286834214,12378.784718216946,0.37335609012870186,3.9189210795786,0
36.619513241893756,57619.90859943723,724.7650889238803,25661.20340454064,0.4015599183771482,18.06889834296893,0
43.897205937153544,46047.232667923556,613.4978078417274,26257.861084163484,0.26064994831820976,9.972693761871586,0
43.217964050743646,28190.194885066696,708.8870542598794,18595.588801991416,0.25371682359912046,0.7734263252501359,0
40.414095513654125,60389.3350229264,641.9825693725888,23831.80206158873,0.3988542105097773,3.6252006658891984,0
47.58198237529817,88020.7058469533,591.1604416417911,20362.329923802925,0.4108180731131672,10.429988271787527,0
42.53953240216491,41347.25007227876,669.0618795661923,21787.229733773667,0.23688057007158134,7.833020131849749,0
38.00101340452105,75849.05638251502,626.5334955345045,40065.69813994127,0.4739104163325999,10.144165116936438,1
29.602037551439707,53152.438884047675,628.0242557341608,16070.2772342435,0.3752643828920147,7.819886883076696,0
43.39034979887247,49104.40173549742,700.0025474251656,24395.50228568529,0.3320266335310423,7.947496075157362,0
29.050164106822837,82605.6560281413,719.9904337751979,27923.03053048979,0.3965486665034088,5.8755018701332915,0
19.714416741325486,71158.33588426023,688.871161991428,32178.704366947,0.2520715964338802,4.118741574978737,0
49.67593213227503,51197.17587484962,813.7570900694207,22185.410828003638,0.4390911670868885,8.341261911122114,0
37.34490826066333,66340.34655968002,674.9869446264354,27122.547985412624,0.5183849263956554,13.03679790247011,0
35.10456591512967,46562.931283276885,619.6388446658511,25648.012456815195,0.21637629127280816,9.06988960261,0
38.03067726095362,75470.91195378231,576.3099422860896,18596.470378574402,0.24528378288453978,4.953702739084576,0
38.613425890886205,83516.5463127056,674.9072932036258,22344.4301966644,0.35798175646401675,14.991361448444462,0
36.786756817262805,48433.44547028478,751.0116232359617,21126.767032938085,0.16439521265816448,0.0,0
38.14690526057116,81840.9071650225,704.648804257026,18711.168467214487,0.3205809912719872,3.8924948984491934,0
42.43062389648795,55867.444542229714,615.0149049768747,20730.984526317174,0.2863508170076494,11.796065994828094,0
38.685723581532585,63395.80050322311,674.5875386415928,1656.012057549382,0.4261629999799023,16.29046968048818,0
45.338530286024564,74360.04186343616,620.5121201477218,32528.310286153104,0.5651147746691014,9.316916807290275,0
65.03382010131457,66135.6911416545,681.3267867345976,19302.703465725506,0.5208922123837916,1.8775843755348784,0
49.99058882675949,39561.28989390256,701.2799500966934,17373.140757832163,0.28886114177697786,7.394377919512635,0
44.84395535715462,55657.31568824085,750.0680446845367,24307.776942389864,0.20786912453743972,0.0,0
41.114564009779365,53787.347835428736,653.7156436784285,15560.785542870639,0.49518512765762834,9.58132719288416,0
43.866838983259306,64504.27506000557,668.4829577116835,26017.346354813548,0.3323559830126114,6.5910412117032395,0
48.09553375653492,70685.35135165114,681.6816810344734,15070.432446455416,0.2822116853051847,3.28808378801226,0
44.61502435665023,88684.54504707329,665.6796033575839,29617.002964207746,0.22579696961942336,11.771581981305486,0
51.94888411876478,78802.61880330252,611.0576930518844,29495.468885355447,0.26027537613847107,7.922187964062312,0
50.97851108712791,55336.26802335445,647.7046407034267,20207.950538121484,0.36252386074015286,11.869362954883998,1
38.10845079133568,60913.42136035141,545.9222186076694,18733.33788060789,0.38203857573706995,0.0,0
35.352839201482894,77868.68977913875,602.9986587400879,14051.529119393404,0.41322522658264116,11.22830730360694,0
45.04030386379249,57087.18931535963,635.9742191552343,14185.235206730425,0.40271541404155864,12.22791966001802,0
56.88565791285042,29777.383342210207,687.891241295419,21415.20451879517,0.47095801301290285,1.2719688304527157,0
29.240336338774316,53556.47288586669,542.9495357411324,3972.1939764422987,0.40949660929081294,9.979159070847958,0
44.588264934043465,52389.838832351765,625.3990972901223,25237.680876931507,0.295861292757882,8.178069404236417,0
39.51503804372676,62201.81079339597,617.367141754517,28854.128907979713,0.40795400129119913,7.866747840571673,0
38.548176233513175,48834.69026846365,838.5707747543815,21336.55790184905,0.4410645496685199,13.147031875942137,0
37.82187392556117,45789.49489232782,710.8039148071571,22284.667730913592,0.19362072358073812,10.808918051481783,0
55.72333969109283,52317.519489663224,707.8025459982679,18071.67318889451,0.42981024616711827,5.792260374411695,0
50.839929869651634,42923.48441165134,739.9780023192172,5601.170371686054,0.37955265335495414,12.078688682966392,0
41.620862975836765,82893.1093285878,635.5476836290621,29017.702933766428,0.3011322755806113,0.0,0
34.937845791617384,70548.44117850144,740.0115847349138,13336.73342339063,0.31890639311805663,4.1465442860418396,0
49.33228157347844,33149.98558722384,698.3335235756842,10052.558308424363,0.3514483512293511,7.252649826647967,0
43.650456259451865,57897.42152896872,690.2357007903081,26161.62140308952,0.38830699122483087,11.571610065197605,1
35.75007049404824,77249.53376799492,723.9902660684945,14717.02700234961,0.42080943892811545,4.099016052745002,0
35.9388700036524,69957.6341094761,754.9641915584605,16155.89181889649,0.2875829462209734,9.820354431343237,0
42.69885978559752,63308.48336105943,567.5277291617191,20043.629471718134,0.4694576487631678,13.54097870189199,0
23.445359470284316,59595.321422558896,676.3878702535882,19543.748682370053,0.4143349629065047,0.24062770653920396,0
38.54860330090256,49222.98747352129,850.0,21158.393776746445,0.35339332567350784,3.4244124521992463,0
37.23202760887557,41385.83745167889,760.7720653573731,26069.14587079272,0.37600773050100395,7.336724200750249,0
34.375213689321654,61268.61009305922,698.067215728611,25033.068102377318,0.24454067170225097,12.241891817387598,0
47.03535586884687,64150.381845553464,646.3279338854884,13588.135765872175,0.4528586049848259,15.972407080598899,0
32.42332740281215,69632.58183184871,641.3066093976286,13060.282511573494,0.47485040279014534,4.274522270690358,0
42.39657674487733,72069.66171194152,797.4053419639797,12677.68693615201,0.24755788494658176,9.138126376698843,0
36.13413817884744,69886.09790556162,708.6004798106308,4748.783465151935,0.41845128351162525,4.300776062257976,0
36.08813435568094,35327.50723890308,625.450529315629,15950.314289105021,0.4827937458928797,16.01180583992066,0
35.10864439104514,38755.32127989834,726.7382234487084,9738.373686520215,0.2442709861083729,7.5735369150754135,0
68.64474844761259,74222.11628522493,652.1903186232464,21023.930730370746,0.3025690717213967,1.317025294668591,0
41.02884524246813,73809.03053227012,634.5632260377075,16989.836495720585,0.40008420078775037,6.388645436089998,0
31.689883958572306,47538.77434811977,653.3761065238657,28800.372324077012,0.45349475986154947,12.57858077051669,0
23.928206795874765,47529.55827765463,631.354139776029,18104.726381371842,0.12755556647605784,10.96304932309593,0
25.20652456841588,61665.47736784517,583.1909884779984,20575.26178795225,0.3329072906858836,5.528124390940009,0
30.12111496510649,37963.66479118717,722.7839457475117,17307.340931771316,0.30854388499458485,0.9547341248152561,0
35.16766328177156,49243.586583007826,682.2749784672748,7452.290955507817,0.23284310888137744,6.442223827937935,0
37.99639888307721,67523.93170076606,554.3383969977258,12988.882509858577,0.41614131206202587,1.50215648392171,0
50.527527716623254,55024.510979285755,487.7417498067016,12065.175263734724,0.32181562016861487,13.976062108003386,0
35.18915531089406,68444.23748247564,714.990901274282,18286.181201112217,0.06926610855189791,15.361700011908477,0
43.76681574140937,40677.333579314196,768.4255352976312,17945.285475183104,0.3754336516937822,10.448261718557198,0
39.69500649516159,72551.67567129133,835.9461988899951,27099.294212474117,0.433499846054377,6.073894984412765,0
46.070521455958165,90048.90127446523,670.7819662775252,14495.59830887202,0.3106444022873673,3.6826025024062146,0
45.065359257930915,49412.99512147839,694.0736902247427,13375.38037994619,0.2902231605044892,11.767111376127506,0
40.3113915010264,70495.29862464422,611.3554578302999,22221.13893699893,0.27396108206724884,9.505344528969163,0
38.9812061572139,41663.318899433754,571.8627450976829,7763.082527562252,0.3594919766728604,12.691937021246016,0
59.679608095922006,46016.45493423419,690.3617415654916,35596.63149672594,0.2464204901503177,0.0,0
41.08236202681948,70629.83945470388,640.4733194500768,32496.713061955656,0.4282355987859211,10.080724780378775,0
28.561129704431522,59346.834263220684,692.0425369955135,27830.99686324034,0.3466388247495985,16.152397609799774,0
34.170395538195145,50852.779945544826,703.6975501291565,10809.194242311389,0.3186851893507569,10.535117814791702,0
23.253275967587392,62179.80134923197,593.3460170679726,23709.656261701486,0.24179694953811334,5.01725809030018,0
33.51078345534149,39675.280519664564,744.6627850480105,20473.745292616586,0.29383694281496475,13.002222046229644,0
25.299281644218425,59257.16773455182,718.3765981080606,7715.8150713202085,0.06985579679256987,5.716624617228245,0
50.26445171122309,80078.44375461043,784.6722263460227,25378.488610434175,0.3868517497456941,6.935462600920121,0
62.42883615969702,71551.94286871045,731.273163594367,14664.042036105096,0.4182193970628235,17.928289158254266,0
42.76897951532227,72445.60882254492,637.659506008423,13666.75205181166,0.28959440215192644,7.800145235299531,0
32.34923800088541,64678.88527079222,648.397430596752,18348.32735013613,0.5371069057521931,5.701019230891301,0
32.533482423177674,83552.021682019,676.0506695296798,26872.179009954823,0.35936497415807556,1.8475313800222821,0
27.19120498622262,36835.471835159624,609.2524985669593,22639.22834853958,0.38941690243582305,4.8123990942501855,1
26.047136762335292,45346.74191968496,725.343857342483,28459.01545626395,0.24808290129964072,8.087885194410331,0
37.47257566973782,73223.53419552342,689.1788690019358,3088.5141344694603,0.274549688062266,13.388410021634359,0
50.18565032942462,87612.4670972294,803.6353730734039,16073.25739369539,0.3289995611675903,2.79709239038106,0
35.99652821300405,70268.5288709997,650.2210066046316,18843.15790426256,0.5200876836476217,9.93920531451397,0
22.232819232699594,49789.84530105022,651.7375533426093,14122.036916203962,0.3173422257373336,8.799768189437362,0
61.16833198263054,57813.24027340597,783.0331686611364,16468.7248325018,0.30615167561648715,6.018071645386073,0
20.991920441593898,61090.688269943814,731.4786134574771,10513.66966487131,0.37190327728206324,6.049337626565952,0
46.101629055410896,88550.44692444659,607.5763208058354,30251.209257595663,0.4452363083656816,12.41796015661515,0
59.16597800789525,85627.44553582184,630.1404381201367,25662.880263898896,0.3484168370015539,6.402873369213115,0
52.02021525222808,78816.78492019951,715.4800622798919,25316.967071043648,0.27239302634955026,3.835071990586796,0
47.91700624897387,78383.75219447554,653.3272787781566,12010.450356562247,0.35264760361393316,8.80249813244773,0
20.222941624594426,32181.593150210516,671.1269305588135,19517.60312062682,0.3005195240125945,16.02188942318513,0
48.188160627382885,42541.563631451914,656.4190675627193,19273.73360462742,0.3453254917543067,1.5222534473142666,0
32.85530764965859,60098.17526034804,826.242501835339,9468.339170219817,0.4079358483164388,0.0,0
39.800296584705556,57642.766165683664,603.404195272805,18166.798347787913,0.355936366666803,11.942017987208935,0
25.52202282893118,82604.59708277961,605.3295067732223,13592.741697854613,0.4279666362185208,5.528575492988972,0
27.49024029609737,73870.38169899271,672.7821855032646,12040.50302554688,0.39955921101668584,6.216900848703647,0
29.825822981608543,66350.84850911,707.9889302581795,13042.098773033318,0.32494111546887905,6.825767718859884,0
59.18273157047428,68336.13104957843,656.3199964097759,15459.707852785208,0.30378791263198746,7.396044337762092,0
30.942038344057686,59435.07028349167,582.2792200274539,24369.096044981474,0.46060497113110066,10.954034495737675,0
26.16362606196625,58903.506757205396,664.9400082082618,30624.919126893983,0.5087998524011549,8.75879308972773,0
18.0,51902.433624974015,623.6269706532281,22713.356532947135,0.2601249938553022,14.213001926456325,0
58.214882828501366,61669.52262340227,753.3410774234025,44435.745787645545,0.343346316970448,5.7141979744228175,0
46.77382641497668,42521.54026092718,744.934188861096,9625.646941382047,0.3580662441925088,14.326093321867083,0
34.58154950764241,76297.9323640081,635.7741458057698,12677.962067665885,0.1664403386064212,2.970455981758006,0
18.0,56021.975605270054,659.8482261970322,23349.706024311923,0.34886086945185374,0.0,0
29.200436492350264,60634.150887851094,737.5764283263524,31201.895357875776,0.34879789757825136,3.739747402016997,0
32.06059086079909,49467.92228529753,750.484152563414,6358.58138665307,0.45891019799998134,3.702452099205358,0
60.460930397431774,40454.936575976855,628.1801295069025,24955.77077570107,0.4267056877805156,0.5970992482634454,0
31.1056509207562,57014.291807972935,769.2349204910674,12904.36462098928,0.47908563407339244,8.103678566749766,0
46.59495258796694,58642.80945593673,740.0632949695446,17964.488416456694,0.37665698033849637,7.657100709577447,0
22.750461113956582,56016.04807336469,806.1137273062391,15383.191046114433,0.47654307566195264,13.536589085799026,0
36.45175548084224,83061.29268746288,738.8095246916826,16015.553466780486,0.21215089222433153,5.539185989281645,0
50.2366881578946,57382.296844157696,580.7145410366816,11679.615210667975,0.3805476546925304,6.237330533663661,0
33.760114523305226,49646.28253788347,687.5744842483778,38827.32056831058,0.30830643616974157,15.451266149538775,0
25.73732398177859,70403.95626112448,699.8522483054844,20727.043662006217,0.20491038733735742,0.0,0
47.581473130073476,61180.9077761533,705.610911392023,15756.245160063749,0.40086850148663017,14.082713743384062,0
45.91385535685482,90069.85305588013,726.6899028379516,1000.0,0.3106567594931414,5.8602655993552935,0
42.994145229153865,62587.458189473,664.9030686186828,26753.46009263217,0.34046605474385644,2.6056470693283282,0
51.27563530971611,51021.54688771826,696.1519648520593,22485.37201033876,0.24039869960641475,12.989098593297935,0
35.27857670999322,68492.83900037309,665.9924600842164,5526.863621210858,0.21915079566756415,6.131537448198099,0
43.78585058277635,68364.17743908707,561.1381479319948,15844.490137484794,0.5705315403616846,6.960262090374742,0
28.747002739446614,18676.674135304085,662.3895714427629,18613.188864436266,0.36800132761113286,15.121268473014364,0
37.36110062336421,66339.74689396462,614.4927554226311,24971.32037951314,0.27272927550416576,15.168161338271123,0
40.679887256170915,41817.22432602345,713.2518906713682,1970.289268548593,0.18320364770173872,11.150931071963079,0
18.245329246458986,62421.384926428436,810.2416500318327,18061.091490469127,0.3000955698195816,10.203677761660792,0
33.971675433991635,65283.520100948575,685.8271855380397,20710.338245822448,0.3149839383059608,10.497056812904807,0
47.06543408647362,69146.5484424676,678.9019729384343,5382.069849459625,0.2152680105096201,13.245502546162495,0
24.026338448506987,48367.70227669138,675.3224863614489,22957.11365587476,0.35287586031456764,8.777510189430012,0
32.85773828460058,87519.85045172654,667.881783757492,19453.338071513575,0.29754620002202586,0.0,0
41.09030690899955,46068.64593275664,673.9617504624904,7719.7980479812995,0.4127630015405016,10.868082378460826,0
70.37446533928524,26816.308171489254,679.0686764284397,17174.877462081367,0.32953252164872543,15.916686517836009,0
49.81263952273444,68541.65564362737,737.7524946899722,16709.357491910225,0.3805459198969571,6.052251387037391,0
34.534499272994395,47366.37414961835,676.6889887835076,18262.801367574408,0.39444606946649374,14.65131603462746,0
24.27950376881636,41774.23982623811,662.7190580272495,15071.201019172671,0.35042791861502687,12.974915069180401,0
36.395991832280664,71448.66226789198,622.4883411567985,24870.273102419233,0.3506262070621057,6.648400300019082,0
40.32262082305085,46059.39541365172,655.5919239059112,2370.7711471205403,0.5259565097724502,4.343169370207502,0
50.98015755453165,65888.83308720904,696.5699716118356,16240.744644981125,0.4246242521297757,6.879114176179478,0
34.681615277603505,56659.490757005035,748.4553476282374,25278.856361437567,0.5225025809318826,1.7863550433816915,0
48.41789804701722,45051.220299266875,692.6299086891307,23824.426514490588,0.2562361897138821,9.702461622617049,0
51.08918587941949,35999.16913785781,705.1353591303521,19213.553394440438,0.2291211238799202,7.986981108131609,0
37.609469892206356,24259.556920033603,693.4058784523455,15388.907557988237,0.3867177056143792,0.7086940406907454,0
47.82732881390248,85680.25591853293,592.0843400925037,17887.027922596746,0.35069788639854327,9.283884523924074,0
36.3263843563548,75795.80799064375,663.7209462086233,9634.14779415594,0.259828246574202,12.50007952829052,0
40.27675812400549,64594.04030470648,721.4891180986212,26966.792702916628,0.24158155473465848,7.3339346649110215,0
24.797131942767976,64912.392849329175,715.8666217772186,22703.56574229194,0.41911344915062476,1.4703072152338663,0
40.46173206379248,68769.7664258815,696.4291726939024,13911.518071107734,0.39469618970548076,13.494452981066813,0
48.604225428721975,64173.687987218764,663.4129901469411,22642.25445168618,0.2018025866903225,9.897612764918811,0
45.82453744007949,76576.12624173086,735.1893850303103,4784.124224110195,0.5030588539200429,7.812446835255083,0
37.581888111826494,58729.24114504631,653.6381162755783,10853.66634282327,0.46815415888484724,13.485769409535052,0
50.10867598934936,73620.99986660115,788.2878148204965,29030.226517472714,0.39999522489226885,11.916588663469492,0
34.09168537858706,36156.25476332976,684.0997913823932,30851.32879109621,0.2758683189990424,11.038330765008594,0
